user_id,Automotive,Baby,Beauty,Books,Cafe,Clothing,Computers,Culture,Electronics,Entertainment,Games,Garden,Grocery,Health,Home,Industrial,Jewelry,Kids,Movies,Music,Outdoors,Restaurant,Shoes,Sports,Tools,Toys,Traveling,dummy
1,0,0,181,0,99,0,0,0,0,0,0,0,884,277,0,0,1005,0,0,0,200,964,0,169,0,0,1040,-1
2,0,0,368,0,143,368,0,390,0,0,0,0,812,477,0,0,0,1810,0,0,0,271,0,106,0,0,404,-1
3,0,0,491,0,0,315,0,265,0,0,0,0,573,420,554,0,709,0,0,0,0,815,0,156,0,0,0,-1
4,1171,0,217,0,0,0,0,300,294,0,0,0,872,111,0,0,653,4407,0,100,0,0,0,114,0,0,998,-1
5,2884,0,312,0,241,332,0,390,298,0,0,0,1199,424,0,0,0,0,0,39,0,0,0,154,0,71,0,-1
6,0,0,152,0,0,0,0,387,0,0,0,0,1123,242,0,0,1023,0,114,0,0,0,168,122,0,0,846,-1
7,0,1639,309,0,0,277,0,0,0,0,0,0,1126,193,0,0,0,0,185,68,184,0,0,85,0,0,126,-1
8,2750,0,477,0,149,36,0,225,0,0,0,0,866,393,805,0,0,0,0,0,142,680,0,0,0,0,1327,-1
9,0,684,448,60,232,42,0,306,0,99,0,0,490,422,0,0,0,0,0,91,0,831,126,0,0,0,0,-1
10,1788,542,414,150,125,56,0,0,418,98,0,0,454,284,0,0,0,0,0,0,0,773,0,0,0,0,429,-1
11,3518,0,336,62,130,208,0,199,251,0,0,0,781,413,0,0,0,0,0,44,173,602,165,0,0,0,406,-1
12,2602,0,387,0,0,353,1261,390,0,134,0,0,735,478,707,0,0,0,0,0,0,0,0,0,0,0,966,-1
13,0,0,437,0,193,122,0,382,268,140,250,0,762,96,587,0,0,0,0,0,0,574,0,0,61,0,0,-1
14,681,0,237,0,65,138,0,0,0,0,0,0,339,374,0,0,907,0,0,0,0,0,0,0,0,0,0,-1
15,0,0,239,32,0,145,494,479,0,0,0,0,911,295,0,0,0,0,142,0,0,663,0,0,0,0,0,-1
16,820,0,346,0,0,148,0,355,365,86,0,0,703,306,0,0,699,0,0,0,0,0,0,0,0,82,1258,-1
17,2580,615,269,0,0,300,0,272,0,0,0,0,811,320,0,0,669,2906,112,50,0,561,126,157,0,77,1655,-1
18,4216,0,445,0,0,351,0,362,267,0,356,0,829,418,632,0,0,2921,0,0,0,470,161,151,0,0,0,-1
19,1306,0,507,0,80,189,0,376,350,189,0,0,803,284,0,0,0,0,0,57,290,365,0,161,114,0,914,-1
20,0,0,272,0,135,0,0,378,0,111,0,0,1187,358,504,760,0,0,0,0,216,402,0,0,0,0,495,-1
21,2626,0,241,0,143,86,0,331,0,0,0,637,935,512,0,0,630,2885,0,0,237,0,0,141,0,0,1641,-1
22,0,0,266,0,0,250,0,0,408,0,0,0,822,198,0,0,0,0,0,0,0,0,0,0,0,0,706,-1
23,1581,0,394,0,0,191,0,454,0,0,305,0,863,515,919,0,575,3401,109,0,0,936,190,163,0,0,531,-1
24,0,0,479,70,0,119,0,357,0,123,161,0,1300,244,0,0,446,0,0,0,0,607,0,149,0,0,1415,-1
25,0,668,286,99,70,26,0,350,0,0,358,0,631,332,550,0,778,0,108,0,384,925,0,80,0,0,416,-1
26,0,0,274,0,82,140,0,260,0,0,0,0,1206,371,514,0,0,0,0,66,58,0,0,148,0,0,1889,-1
27,0,0,387,0,0,0,0,228,0,116,0,0,847,162,620,0,0,0,0,0,0,525,0,101,0,76,374,-1
28,530,0,420,0,96,217,0,0,249,0,0,0,1066,247,0,0,0,0,0,0,126,425,117,112,0,0,0,-1
29,2966,0,372,0,0,222,0,219,391,0,0,0,794,530,473,0,205,0,0,0,0,407,0,100,0,103,0,-1
30,1155,0,310,61,138,492,0,311,404,101,0,0,357,353,0,0,0,0,0,25,0,564,0,0,0,0,276,-1
31,2444,0,435,0,73,26,0,309,0,162,0,0,767,514,658,0,0,0,164,0,0,552,0,57,0,0,2034,-1
32,3876,0,339,0,0,472,0,361,316,197,0,0,780,392,606,0,629,2632,0,0,0,0,0,105,0,0,691,-1
33,3187,444,309,0,0,373,0,424,0,0,0,0,702,383,0,0,0,0,0,0,200,805,0,156,114,0,0,-1
34,0,112,393,0,107,20,0,269,0,96,0,0,327,477,0,0,0,0,0,69,0,712,0,0,0,0,566,-1
35,0,0,330,0,178,64,0,307,435,127,114,0,740,305,0,0,774,0,0,57,0,0,0,0,0,0,254,-1
36,0,0,461,0,0,304,0,404,0,122,190,0,1464,461,0,0,843,0,0,0,0,565,0,0,0,64,824,-1
37,0,0,433,0,0,109,0,249,170,110,0,0,1137,294,449,0,848,0,0,53,226,481,0,122,0,0,0,-1
38,0,0,250,0,155,194,0,408,0,71,0,0,1355,549,0,788,0,0,0,34,0,936,0,0,0,0,1197,-1
39,0,0,368,0,125,169,0,329,283,91,0,0,996,307,733,0,669,0,0,0,201,564,0,128,0,0,224,-1
40,0,0,298,0,168,254,0,253,309,0,153,0,1167,404,0,0,0,0,0,0,0,515,0,75,0,0,1435,-1
41,0,0,327,147,210,290,0,336,242,0,0,0,1371,402,700,0,0,0,0,0,0,0,0,0,0,0,783,-1
42,0,0,332,0,0,113,0,407,232,0,258,0,889,380,584,0,812,0,0,0,0,916,0,0,0,0,729,-1
43,0,757,298,0,90,116,0,299,0,0,182,0,1111,279,0,0,0,2953,0,0,0,639,0,126,0,0,541,-1
44,4443,0,214,0,0,126,0,314,389,167,0,0,1072,356,722,0,0,0,0,0,0,0,0,94,0,0,490,-1
45,1374,0,392,0,0,212,0,222,358,99,0,434,1100,308,423,0,0,0,0,0,0,944,164,68,0,83,134,-1
46,0,0,467,48,216,112,0,444,0,0,224,370,698,177,392,0,0,0,0,0,0,0,146,87,0,0,473,-1
47,4005,0,258,0,190,199,0,0,0,0,0,0,1050,313,203,2644,868,0,104,0,0,671,0,131,0,0,317,-1
48,3580,0,400,0,66,38,0,0,144,124,342,176,1077,244,0,0,470,0,0,0,168,0,0,97,0,0,1356,-1
49,166,0,208,0,0,165,0,0,416,100,0,0,750,337,0,0,0,0,0,0,0,527,0,99,0,0,0,-1
50,0,0,390,0,153,85,0,332,0,0,0,0,487,322,0,0,381,3206,147,0,0,562,0,0,0,0,537,-1
51,0,0,436,0,0,180,0,0,0,0,0,0,862,358,444,0,462,0,99,0,0,0,0,97,0,0,581,-1
52,0,0,319,70,126,138,0,260,482,0,0,0,1043,317,0,0,0,0,0,0,131,744,0,0,0,0,0,-1
53,0,0,328,152,0,125,0,0,0,139,0,0,1066,310,516,0,955,0,88,0,0,456,0,87,0,78,0,-1
54,3931,0,248,0,99,16,0,356,0,155,0,0,1022,266,0,0,391,0,0,0,0,504,0,158,0,0,0,-1
55,2689,1093,367,0,132,57,0,0,0,0,0,0,560,329,0,0,636,0,104,0,0,516,176,0,0,0,1481,-1
56,0,0,326,0,0,277,0,379,330,0,0,0,694,315,0,0,1043,1536,0,0,0,0,148,128,0,0,843,-1
57,4658,0,180,0,131,0,2085,444,327,153,0,0,1168,213,0,0,0,0,0,0,280,570,0,76,0,0,162,-1
58,3754,0,270,0,120,315,0,423,285,0,228,0,624,417,0,0,673,0,0,0,175,0,0,88,0,0,0,-1
59,0,1178,177,0,112,106,0,367,0,0,0,0,1019,357,596,0,0,0,0,0,222,0,0,109,0,0,1186,-1
60,2201,0,278,99,74,448,0,398,334,0,257,0,927,477,0,0,0,2170,91,0,256,272,0,100,0,0,1126,-1
61,3567,0,317,0,240,0,305,526,0,127,0,0,1387,417,739,0,0,4178,159,0,211,0,0,126,0,0,604,-1
62,0,0,336,0,0,176,0,345,0,0,325,0,865,372,0,0,0,0,0,28,166,0,0,143,0,49,726,-1
63,0,708,271,0,136,82,0,341,275,118,0,0,612,358,625,0,0,0,80,24,0,837,0,0,0,0,945,-1
64,1677,0,304,0,83,192,0,315,0,128,0,0,528,477,0,0,0,0,0,0,0,674,0,0,0,0,1347,-1
65,0,239,436,0,194,189,0,342,264,0,0,0,1290,373,626,1328,846,0,0,43,208,0,0,0,0,0,1659,-1
66,4080,439,435,40,0,238,0,332,0,99,0,0,1364,363,605,0,0,0,0,67,0,362,103,91,0,0,670,-1
67,0,1313,416,0,0,185,0,342,406,149,0,0,1325,413,0,0,0,0,0,51,0,715,0,0,0,0,989,-1
68,2817,0,408,115,123,135,0,465,0,0,0,0,1176,444,667,0,817,732,0,0,155,423,0,165,0,0,711,-1
69,0,0,364,157,32,268,0,0,230,151,0,0,1388,162,0,0,0,0,0,0,0,0,0,167,0,0,0,-1
70,1343,0,322,0,164,100,0,0,0,0,0,0,1093,264,661,0,941,0,0,67,346,0,0,173,0,0,289,-1
71,3454,0,344,0,159,255,0,430,536,125,0,0,954,301,0,0,847,0,0,0,131,0,0,129,0,0,0,-1
72,2713,0,507,0,185,16,0,325,260,145,138,0,1373,355,1065,0,1154,0,63,0,0,0,166,144,0,0,421,-1
73,0,0,317,0,0,227,2546,0,0,0,0,0,578,157,0,0,719,0,0,0,0,0,0,141,0,0,1055,-1
74,0,0,198,0,171,333,0,369,457,0,0,0,796,268,0,0,829,0,0,89,228,407,144,0,0,0,1160,-1
75,439,0,230,0,129,153,0,429,239,110,399,0,359,534,0,0,1007,0,132,0,241,0,0,119,0,0,0,-1
76,4913,0,341,0,158,0,0,390,0,0,315,0,938,321,0,0,979,0,114,0,227,0,141,89,0,0,324,-1
77,0,0,257,0,0,96,0,0,245,0,0,0,808,415,623,0,631,0,0,0,0,0,0,0,0,0,0,-1
78,808,0,336,0,205,156,0,0,0,0,240,0,1051,314,0,0,0,0,0,63,0,0,0,111,0,0,1145,-1
79,1069,0,245,0,74,179,0,477,253,110,0,0,665,176,481,0,0,0,0,0,0,0,0,130,0,0,878,-1
80,0,0,293,0,158,0,0,266,0,0,0,0,630,253,699,0,0,0,134,0,0,0,137,0,0,0,727,-1
81,2372,0,379,0,56,275,0,344,324,0,0,0,1448,370,0,0,0,0,0,57,0,759,0,163,0,0,0,-1
82,0,0,439,162,0,95,0,0,253,150,0,0,880,452,0,0,552,0,0,65,0,0,159,68,0,0,1303,-1
83,0,0,331,0,163,153,0,376,364,0,0,0,816,312,513,0,801,2205,124,33,0,0,0,0,0,0,1066,-1
84,0,0,241,0,0,189,0,372,0,173,0,0,577,128,0,0,0,0,0,66,0,527,129,172,0,0,108,-1
85,0,0,301,0,83,191,0,0,0,0,172,0,1261,498,783,0,608,0,0,0,0,0,0,132,0,0,0,-1
86,2570,844,314,0,132,185,0,395,394,0,0,0,1072,253,0,0,759,0,0,0,0,0,189,124,0,0,473,-1
87,2688,0,463,0,193,488,0,389,232,0,0,0,418,240,919,0,0,0,140,0,0,0,0,141,0,0,447,-1
88,2326,0,398,0,114,244,0,341,0,128,0,0,854,377,457,0,0,0,144,64,146,525,0,115,0,60,0,-1
89,0,0,229,0,0,124,0,233,305,0,240,0,1058,329,533,0,0,0,0,0,87,677,0,126,0,0,127,-1
90,3504,0,272,133,0,125,0,0,0,0,0,0,1028,287,583,0,839,0,115,0,0,463,0,140,0,0,0,-1
91,3106,880,321,0,145,190,1710,0,309,69,0,0,924,276,366,0,0,0,0,65,0,579,198,116,0,0,773,-1
92,1275,0,408,188,188,213,0,348,195,112,0,0,820,271,365,0,1054,3326,0,0,192,665,0,144,0,0,1461,-1
93,4011,0,396,0,0,273,0,415,336,157,0,0,1532,339,626,0,0,0,0,0,160,676,0,63,0,0,0,-1
94,2198,0,254,0,116,27,0,382,240,0,0,0,472,376,0,0,831,0,0,56,0,801,171,0,0,0,0,-1
95,0,0,445,0,0,104,1742,0,381,145,0,0,914,381,0,0,898,0,0,0,0,0,0,126,0,0,578,-1
96,0,0,336,0,0,117,0,280,0,98,0,675,953,245,0,0,867,0,108,0,0,0,174,92,87,0,0,-1
97,1845,248,223,0,169,130,0,388,0,0,0,0,856,131,565,0,0,1995,0,0,0,585,0,90,0,0,622,-1
98,0,0,154,106,141,59,0,368,0,179,0,0,1590,276,803,0,786,0,97,0,240,0,0,0,0,78,888,-1
99,0,600,350,0,143,0,0,209,0,0,0,0,676,395,0,0,0,0,0,0,0,959,0,0,0,0,458,-1
100,2054,0,140,139,96,281,0,0,260,116,0,0,589,412,0,0,0,0,0,0,224,598,0,194,0,66,221,-1
101,0,0,574,0,0,295,0,408,212,0,0,0,1015,348,0,0,0,0,147,47,219,0,0,135,0,0,736,-1
102,0,0,326,0,0,0,0,205,0,0,0,0,1576,238,0,2228,1114,1565,0,97,126,0,0,155,0,0,0,-1
103,0,0,260,0,132,0,0,204,0,131,0,0,1015,502,822,0,665,0,87,0,0,0,131,0,0,0,732,-1
104,3324,0,214,0,121,327,0,333,0,0,0,0,913,267,0,0,0,0,0,0,300,704,0,146,0,0,103,-1
105,2905,1565,220,0,53,50,0,243,114,146,0,0,832,487,1103,0,0,0,0,79,0,493,0,103,0,0,1240,-1
106,622,0,337,271,136,29,0,279,0,65,0,0,1273,386,642,0,0,0,0,0,0,0,0,126,0,0,227,-1
107,5132,0,439,0,137,365,0,381,0,139,0,0,684,252,0,0,0,0,0,0,0,343,0,140,0,0,844,-1
108,0,0,405,0,182,32,0,433,0,0,0,0,1530,453,934,0,982,0,115,0,0,681,0,66,0,0,150,-1
109,0,0,227,0,102,246,0,379,0,0,0,72,667,280,885,0,0,2143,141,0,0,749,0,110,0,53,1033,-1
110,0,0,352,0,0,156,0,0,327,0,306,0,1026,235,0,0,0,0,0,0,117,0,0,157,0,0,741,-1
111,0,0,326,0,87,261,0,368,327,0,184,0,883,496,912,0,622,0,172,0,275,492,0,63,0,0,479,-1
112,2821,0,330,0,0,307,0,0,0,128,0,0,893,328,767,0,0,0,0,30,0,375,0,140,0,0,0,-1
113,1133,401,463,0,0,36,0,362,0,0,252,0,1588,149,492,0,1027,0,141,0,0,343,166,94,0,0,635,-1
114,2484,0,391,183,119,0,0,247,264,0,0,0,1011,190,0,0,702,0,104,59,273,0,174,140,0,0,0,-1
115,0,0,372,0,0,281,0,371,253,137,0,0,635,385,467,0,747,0,0,42,0,547,0,122,0,0,1045,-1
116,2167,0,258,88,158,39,0,348,0,129,0,0,435,417,472,0,1155,3771,0,0,0,0,0,0,0,0,770,-1
117,3575,0,436,0,0,98,0,316,331,0,0,0,1228,42,0,0,966,0,140,0,224,810,0,0,0,0,431,-1
118,1784,0,357,66,132,0,0,296,398,119,0,0,836,534,0,0,819,0,123,0,0,498,133,0,0,102,575,-1
119,0,0,435,0,114,182,0,471,272,136,0,0,864,403,0,0,0,0,129,65,0,1130,0,126,0,0,835,-1
120,0,0,341,0,182,400,0,241,0,0,0,0,904,337,460,0,819,0,0,62,157,0,0,0,0,0,0,-1
121,120,0,382,0,189,187,0,372,306,101,340,216,613,230,410,0,1214,0,0,0,154,0,0,113,0,0,326,-1
122,0,0,304,0,0,139,0,248,407,0,0,0,773,355,622,1480,975,0,0,0,0,704,0,123,0,0,1295,-1
123,651,0,315,0,178,347,0,0,0,0,0,0,829,382,0,0,710,0,0,0,0,392,0,0,0,0,0,-1
124,4706,0,376,0,177,0,0,0,448,93,0,0,860,113,0,0,1055,2411,117,0,0,0,0,140,0,0,519,-1
125,1536,0,273,36,0,397,0,0,0,159,0,0,822,377,425,0,1173,0,104,52,0,0,0,0,0,0,210,-1
126,1741,0,167,0,164,94,0,187,0,0,0,570,948,201,0,0,562,0,0,0,0,0,0,0,0,0,730,-1
127,4145,0,457,0,192,111,0,291,0,0,0,0,956,256,0,0,402,0,0,0,191,0,0,0,0,0,0,-1
128,0,0,281,0,165,0,0,0,0,140,0,0,710,302,584,0,0,0,0,13,0,597,0,146,0,0,489,-1
129,1412,0,244,0,0,31,0,276,385,137,0,0,688,258,0,0,0,0,0,59,0,0,0,118,0,0,744,-1
130,2324,0,414,158,163,44,0,225,0,0,0,0,1114,493,501,0,0,3024,162,0,0,0,0,0,72,0,648,-1
131,0,0,377,0,0,137,0,0,435,140,0,0,1139,185,596,0,711,0,0,0,91,475,0,0,0,0,1109,-1
132,0,1337,333,0,0,157,0,270,0,62,0,0,749,216,0,0,0,3026,0,95,0,0,0,163,0,0,0,-1
133,709,0,334,64,0,352,0,437,385,0,0,0,795,265,811,0,811,0,0,0,218,644,126,0,0,0,689,-1
134,3628,0,263,0,75,0,0,0,0,0,0,0,836,328,627,0,792,0,0,0,192,555,176,97,0,0,0,-1
135,1900,0,110,0,99,255,0,0,330,115,0,0,646,306,0,0,1056,1388,0,0,0,0,0,120,0,0,161,-1
136,2399,0,335,0,204,84,0,396,401,0,310,0,1310,381,264,0,995,0,147,0,0,642,0,146,0,0,704,-1
137,2285,0,278,0,232,206,0,0,0,140,0,0,1503,228,1020,0,0,0,0,0,0,0,188,0,0,0,0,-1
138,2451,0,365,150,219,0,0,0,0,0,0,0,1583,374,739,0,945,0,0,0,264,0,0,145,0,0,0,-1
139,3249,0,285,107,51,59,0,0,310,0,0,0,684,445,589,0,801,2473,166,0,0,0,0,0,0,0,0,-1
140,2547,0,474,0,0,111,0,464,0,0,0,0,831,290,698,0,0,0,115,0,0,0,0,171,0,0,137,-1
141,0,0,317,180,40,193,0,410,0,126,106,0,812,406,0,0,0,0,125,0,0,0,0,108,0,0,797,-1
142,0,0,417,0,131,171,0,0,177,89,196,0,934,465,0,0,704,0,0,84,0,651,0,0,0,0,1149,-1
143,0,508,309,0,71,0,0,313,0,133,158,0,1409,322,0,1101,791,2586,140,0,0,0,0,147,0,0,0,-1
144,3342,0,359,0,0,181,0,247,0,0,218,0,1060,298,1169,0,0,0,0,0,0,602,0,0,0,0,331,-1
145,2620,1246,325,0,0,124,0,442,475,0,67,0,813,362,703,0,0,0,0,0,0,0,0,103,0,0,1004,-1
146,0,0,343,121,106,177,0,0,0,0,0,0,816,350,628,1299,750,0,0,65,0,664,112,0,0,59,1045,-1
147,3089,1627,421,0,152,175,0,0,511,125,305,0,1101,370,573,1051,600,0,0,78,280,0,146,110,0,0,854,-1
148,1225,0,285,84,150,90,0,0,0,82,0,0,752,238,0,0,0,2473,0,0,0,695,0,66,0,0,579,-1
149,793,0,301,0,0,189,0,0,395,0,0,0,1326,342,872,1405,0,0,0,0,0,642,155,0,0,0,0,-1
150,1606,0,498,0,119,120,0,336,0,0,0,0,1106,130,1209,0,454,0,0,60,0,0,114,151,0,0,951,-1
151,2639,0,336,0,213,233,0,0,0,95,0,0,1061,427,532,0,0,0,0,0,0,0,0,0,0,0,890,-1
152,0,0,227,0,0,269,2593,210,0,0,0,0,1121,394,0,0,1207,0,0,0,0,374,0,0,0,64,379,-1
153,3768,0,471,149,75,68,0,371,288,0,0,0,645,415,558,0,0,0,0,56,0,0,104,0,0,0,0,-1
154,0,0,343,39,78,0,2101,324,0,136,282,0,1061,261,668,0,934,0,0,62,147,0,0,156,0,0,640,-1
155,3149,0,364,167,172,195,0,0,0,0,75,0,1159,416,0,0,1023,0,0,0,0,0,0,101,0,80,875,-1
156,0,0,201,0,0,203,0,310,0,153,0,0,737,304,0,0,929,0,89,0,0,565,0,0,57,52,1214,-1
157,0,0,283,0,0,223,0,416,474,0,0,0,1224,277,0,0,544,0,0,0,0,0,141,0,0,0,0,-1
158,0,0,291,0,0,153,0,438,0,174,135,0,1240,188,640,0,0,3412,0,0,0,0,0,119,0,0,437,-1
159,1040,768,345,0,157,288,0,456,375,0,0,0,748,175,0,0,0,0,98,0,170,0,0,86,0,0,2091,-1
160,2428,0,377,107,157,277,152,317,169,119,233,0,1029,189,0,0,1177,0,0,0,221,0,0,65,0,0,940,-1
161,0,0,233,0,0,168,0,410,386,79,0,0,1203,312,0,0,710,0,0,58,0,593,0,123,0,0,1325,-1
162,5362,0,460,215,0,69,0,263,0,0,0,0,1220,236,425,0,0,0,0,0,297,0,136,110,0,0,1246,-1
163,0,0,379,0,88,0,0,220,294,92,0,0,1217,436,593,0,1240,0,0,79,236,0,0,0,120,0,0,-1
164,2219,0,428,17,174,143,0,195,301,83,183,0,437,303,827,0,836,0,111,0,0,0,0,118,0,0,543,-1
165,0,0,193,0,0,121,0,0,0,0,0,0,999,417,0,0,0,0,114,74,0,633,0,82,0,0,349,-1
166,0,848,167,0,0,80,0,0,545,152,0,0,935,304,572,0,0,0,86,0,0,393,0,106,0,93,398,-1
167,0,0,284,0,0,0,0,300,0,82,0,344,1002,319,889,0,0,0,0,73,0,0,0,143,0,0,493,-1
168,0,0,514,0,139,195,0,325,0,0,373,0,1494,407,671,0,569,0,0,0,226,569,0,99,0,0,0,-1
169,0,0,239,0,139,176,0,470,0,0,0,0,1125,277,616,0,0,0,0,55,177,809,0,142,0,0,0,-1
170,0,0,274,0,226,0,0,237,0,0,241,0,774,235,1006,0,594,0,0,64,377,0,149,101,0,0,534,-1
171,636,0,335,0,0,172,0,0,383,137,0,0,803,258,299,0,0,2829,0,64,0,0,0,0,0,74,0,-1
172,2569,0,346,0,127,0,0,319,0,133,0,0,1240,460,0,0,0,0,0,0,0,649,0,64,0,53,0,-1
173,0,0,312,0,93,183,0,399,0,0,0,0,1112,499,0,0,0,3357,0,0,0,0,0,89,0,0,770,-1
174,1028,0,411,0,168,188,0,285,0,0,0,0,1215,235,461,0,702,0,0,66,264,589,140,80,0,0,0,-1
175,3534,0,195,0,116,85,0,269,0,109,0,0,830,170,573,0,948,2943,0,57,0,0,132,87,0,0,343,-1
176,3565,0,235,0,176,46,0,274,401,0,0,0,980,328,0,0,611,2448,0,115,278,0,0,0,0,0,629,-1
177,0,0,230,0,118,123,0,351,0,145,0,0,1087,259,0,0,0,2744,0,0,0,531,0,0,0,86,0,-1
178,1801,0,457,0,0,86,0,0,283,185,0,0,1040,437,0,0,0,0,116,0,0,0,0,108,0,0,262,-1
179,0,0,415,73,0,88,0,367,0,99,26,0,1242,229,563,0,0,0,0,0,267,0,0,118,0,0,462,-1
180,0,0,256,0,0,78,3612,400,0,126,0,0,1071,247,525,0,614,3602,0,0,0,896,0,139,0,55,0,-1
181,0,0,405,0,0,134,0,0,356,116,0,0,1153,394,490,0,0,0,0,72,0,581,0,119,0,0,0,-1
182,1240,0,374,0,114,0,0,330,208,0,0,0,918,396,564,0,0,0,0,0,222,858,0,0,0,0,112,-1
183,0,0,462,0,191,302,0,280,265,0,0,0,777,237,751,0,0,0,0,92,231,774,0,135,0,0,1375,-1
184,3016,691,265,0,196,278,0,281,0,0,0,0,993,194,932,0,0,0,0,0,141,0,0,128,0,0,959,-1
185,4379,0,381,0,166,88,0,0,0,107,0,0,1227,270,1081,0,767,2655,0,0,153,731,0,86,0,0,132,-1
186,0,0,424,0,77,181,0,353,495,0,0,0,1099,337,0,0,546,0,0,0,0,0,0,0,0,0,407,-1
187,0,0,282,0,202,108,0,410,219,0,108,0,1086,345,469,0,900,0,0,41,0,0,148,103,0,0,0,-1
188,3643,0,182,0,110,21,0,411,0,66,0,0,1318,206,1015,0,0,0,66,0,237,0,0,78,0,0,226,-1
189,0,0,365,0,184,62,0,338,494,132,0,0,538,324,0,0,1078,0,0,0,283,610,0,134,0,53,432,-1
190,0,0,493,106,89,261,0,401,0,0,0,0,1228,492,0,0,892,0,0,0,0,837,0,154,0,0,2072,-1
191,0,0,341,29,0,146,0,338,0,135,163,0,736,316,0,0,1000,2327,99,0,157,0,0,113,0,0,1813,-1
192,3670,0,313,0,0,243,0,294,394,0,0,0,746,284,0,0,655,0,0,61,144,786,0,139,0,0,0,-1
193,0,0,191,0,0,388,0,312,479,0,0,0,1235,140,0,0,0,0,0,0,0,0,0,0,0,65,906,-1
194,0,0,275,0,0,132,1781,324,352,100,0,0,794,377,0,0,0,0,0,119,0,0,147,73,0,0,526,-1
195,0,0,240,0,0,415,0,0,447,186,0,0,1006,403,1088,0,0,0,0,78,272,0,0,83,0,0,489,-1
196,0,0,280,243,143,168,0,319,0,112,0,0,736,234,985,0,784,0,0,0,0,544,0,0,0,0,727,-1
197,0,0,376,0,189,310,0,395,583,0,275,241,1295,77,547,1252,0,0,0,0,0,603,0,110,0,0,1366,-1
198,4395,0,392,0,162,61,0,0,180,0,0,0,787,437,745,0,1119,0,121,0,0,734,0,201,0,0,959,-1
199,2018,0,417,0,0,237,0,293,0,0,0,0,1009,511,391,0,1149,0,0,0,170,398,0,0,0,0,0,-1
200,362,0,291,0,231,120,0,348,418,158,0,0,332,307,790,0,0,0,93,0,245,469,0,114,0,0,1593,-1
201,793,0,347,0,125,142,0,0,340,127,133,218,432,417,0,0,0,0,0,46,192,599,171,133,0,0,800,-1
202,1469,0,569,118,0,265,0,0,104,0,0,0,564,469,0,0,0,1750,0,0,0,0,0,0,0,0,0,-1
203,4538,0,215,0,125,85,0,0,0,0,0,0,947,351,600,0,744,0,0,0,0,598,0,0,0,0,141,-1
204,0,0,268,0,148,189,0,288,254,0,0,0,709,398,578,0,967,1764,0,0,0,0,0,0,0,0,1218,-1
205,0,0,287,0,138,123,0,224,279,0,0,0,716,361,698,0,829,2023,0,0,200,0,0,105,0,0,616,-1
206,0,0,227,0,199,115,0,351,0,96,0,0,1033,321,816,0,749,0,0,0,0,751,0,112,0,62,619,-1
207,1729,0,312,0,102,314,0,0,0,100,0,0,450,210,0,0,0,0,0,55,0,0,0,86,0,0,464,-1
208,184,0,255,0,83,100,459,0,0,0,0,0,1180,297,0,0,909,0,110,0,0,0,0,116,0,0,150,-1
209,0,0,193,129,0,212,0,0,0,148,0,0,1243,225,878,0,1189,0,170,75,0,0,0,167,0,0,529,-1
210,0,0,262,0,90,60,0,479,343,0,293,0,486,517,224,0,0,0,190,0,191,0,0,0,0,0,605,-1
211,0,34,426,45,91,54,0,0,0,131,0,0,574,388,0,0,0,0,103,0,181,512,0,156,0,0,717,-1
212,1938,0,363,113,111,103,1200,0,299,124,0,0,1085,264,0,0,920,0,107,0,0,0,0,0,0,0,0,-1
213,393,0,297,0,0,199,0,276,0,0,0,113,1075,404,879,0,905,0,0,0,230,0,0,143,0,0,0,-1
214,0,0,226,0,0,124,0,0,0,0,0,0,726,327,765,0,1129,2234,0,0,263,0,153,97,93,0,1102,-1
215,0,1170,581,0,115,265,0,371,0,0,0,0,1455,162,614,0,461,0,161,0,0,0,0,68,0,0,666,-1
216,0,0,258,0,67,125,1495,387,0,89,0,0,1286,371,726,0,693,0,0,0,217,864,0,0,0,0,0,-1
217,3889,0,391,0,0,430,0,308,0,0,0,0,674,282,0,568,1085,0,78,76,181,0,125,119,0,0,611,-1
218,0,0,357,0,0,292,0,343,438,0,0,0,632,161,306,0,818,2478,0,0,0,0,0,0,0,0,0,-1
219,2020,0,343,0,0,281,0,396,373,123,0,0,801,184,892,0,989,0,76,0,220,403,0,0,0,0,799,-1
220,0,0,279,0,40,46,0,0,217,0,0,0,1088,427,0,0,711,1335,0,81,0,0,0,0,0,0,782,-1
221,446,0,152,0,0,177,0,370,0,0,0,0,607,514,0,0,0,0,0,0,0,0,0,137,0,74,291,-1
222,0,0,247,0,208,144,0,0,0,80,0,0,873,147,0,0,0,0,0,0,0,0,0,0,0,81,1031,-1
223,2355,0,268,0,155,26,0,287,330,0,27,0,739,244,0,0,743,0,0,40,0,609,0,0,0,0,1023,-1
224,0,0,210,203,171,114,0,331,0,0,0,0,1380,443,471,0,936,0,0,0,182,0,0,140,0,52,959,-1
225,0,0,397,0,0,462,0,360,0,0,0,0,1331,416,453,0,0,0,0,78,200,0,0,0,0,0,0,-1
226,0,0,342,0,88,19,828,374,392,0,258,0,559,309,0,0,0,0,0,62,0,0,0,118,0,0,893,-1
227,3230,0,252,0,39,200,0,318,0,0,0,0,1264,408,0,0,0,0,0,78,0,793,0,64,0,0,1187,-1
228,3568,451,420,120,139,0,0,0,422,0,0,0,767,428,835,0,1040,1847,129,0,0,418,178,135,0,0,457,-1
229,2626,0,374,0,137,0,0,285,512,135,0,0,1308,410,0,0,899,0,0,89,176,0,0,0,0,76,0,-1
230,0,0,277,0,163,188,0,268,502,127,0,0,1411,184,0,0,651,2893,0,0,256,0,0,0,0,0,0,-1
231,0,1401,134,0,0,264,0,464,293,114,0,0,831,392,0,0,1003,0,171,44,0,585,0,97,0,0,1239,-1
232,3635,0,315,0,136,213,0,0,321,0,0,0,223,251,0,0,0,0,0,0,265,584,0,0,0,0,0,-1
233,0,0,480,0,170,32,0,415,0,0,0,0,1026,330,0,0,982,0,0,0,161,0,0,88,131,0,250,-1
234,3076,0,375,105,186,375,0,0,0,150,181,0,1053,127,0,0,1002,0,0,67,0,0,0,0,0,0,0,-1
235,3911,0,185,150,73,70,0,0,338,119,0,0,303,477,947,0,0,0,121,0,318,638,0,153,0,0,1011,-1
236,0,0,314,0,0,287,0,0,387,119,0,439,1072,440,0,0,0,0,0,0,150,805,0,161,0,0,596,-1
237,0,0,359,0,167,49,0,488,405,146,251,0,817,316,0,0,923,0,52,84,0,0,0,63,0,0,1324,-1
238,0,0,274,163,105,410,1357,348,0,91,63,0,1179,383,0,0,754,0,91,0,293,0,0,115,50,0,1749,-1
239,0,0,370,0,26,171,0,346,401,0,0,0,686,426,489,0,0,0,0,0,163,0,0,190,77,71,371,-1
240,0,0,224,0,164,187,0,325,394,56,0,0,764,393,0,1381,0,0,0,72,258,502,0,0,0,65,905,-1
241,1389,0,348,0,0,187,0,188,500,42,0,0,1274,335,254,0,0,0,96,0,0,916,0,93,0,0,593,-1
242,0,0,310,0,182,0,0,373,0,0,190,0,462,273,702,0,791,2098,0,44,233,475,0,154,0,0,316,-1
243,0,0,308,0,0,0,0,412,237,0,109,0,668,368,830,0,1151,0,0,0,220,373,0,0,0,53,0,-1
244,0,0,214,94,105,0,0,423,0,177,0,0,609,111,506,0,0,0,0,0,195,0,0,87,0,0,1226,-1
245,4065,0,268,0,0,89,0,413,0,147,0,0,678,423,303,0,0,0,134,0,0,639,0,98,0,0,642,-1
246,2768,0,316,0,50,0,0,319,0,0,0,0,771,370,775,0,0,0,0,0,188,549,0,0,0,0,576,-1
247,2805,0,358,0,136,435,0,374,0,0,0,0,386,289,0,0,862,0,0,0,0,960,0,139,0,0,792,-1
248,0,0,341,188,62,22,0,362,316,0,0,0,969,238,0,0,0,0,0,0,155,0,122,138,0,0,1097,-1
249,1232,0,327,0,68,143,0,311,539,0,0,142,1071,390,1072,0,0,2434,0,0,218,0,0,97,0,0,0,-1
250,0,0,252,0,0,143,0,333,0,62,0,0,714,192,0,0,591,0,0,0,0,643,0,143,0,0,552,-1
251,0,0,193,0,0,77,0,210,0,90,0,0,1329,227,0,0,893,0,0,52,0,575,0,0,0,0,364,-1
252,3550,0,364,0,0,10,0,335,0,143,210,0,1109,372,725,0,0,2282,0,77,0,506,0,114,0,0,0,-1
253,1863,0,316,0,0,292,0,373,0,0,216,0,1121,279,719,0,0,0,128,50,189,830,0,128,0,0,1461,-1
254,0,0,263,103,0,122,0,340,403,159,0,0,851,180,557,0,1183,0,0,0,248,584,0,79,0,0,0,-1
255,0,0,375,0,0,287,0,308,0,0,0,0,683,411,0,0,913,0,0,50,0,0,0,0,0,0,0,-1
256,3473,0,236,0,157,380,0,306,237,126,0,535,715,303,0,0,851,0,94,0,0,0,117,0,0,84,585,-1
257,1391,0,508,94,0,58,0,0,0,127,248,0,1257,110,0,0,0,0,0,0,0,0,0,94,0,0,152,-1
258,0,0,288,0,109,383,0,394,430,104,0,0,1064,317,0,0,0,0,0,0,0,363,0,0,0,0,1108,-1
259,2707,0,386,0,158,333,0,199,294,0,0,0,1254,105,514,0,0,0,0,0,0,0,0,101,109,0,0,-1
260,0,0,548,107,0,188,0,241,203,0,0,0,1031,165,0,0,655,0,127,0,0,0,0,0,0,0,969,-1
261,0,0,278,0,136,155,0,0,466,100,0,0,881,369,879,0,993,2877,0,0,0,466,0,122,0,0,0,-1
262,2623,0,140,100,117,146,0,404,505,167,0,0,749,427,620,0,1029,0,0,108,0,0,136,120,0,0,790,-1
263,2752,0,470,0,138,396,0,354,0,0,308,0,1066,423,0,0,539,4393,66,0,136,0,0,93,0,73,0,-1
264,0,0,380,0,148,13,0,330,599,0,0,0,664,381,982,0,856,0,0,0,0,0,0,0,0,0,0,-1
265,0,0,485,0,0,308,874,269,358,0,174,0,328,221,401,0,0,0,0,0,0,661,0,138,0,0,0,-1
266,3331,0,321,0,0,59,0,368,0,0,199,0,331,422,1039,0,711,0,0,63,0,577,0,132,0,0,794,-1
267,0,0,250,0,64,126,0,379,0,117,0,0,783,284,710,0,0,0,0,0,0,278,0,115,0,0,1018,-1
268,0,0,288,0,0,0,0,387,0,82,0,0,793,479,0,0,1115,0,0,81,0,0,0,133,0,70,687,-1
269,0,0,429,0,0,67,0,199,0,185,0,0,610,259,1038,0,983,0,0,60,0,344,141,114,0,0,137,-1
270,0,0,330,69,121,0,0,0,0,216,0,0,612,154,962,0,688,0,0,96,0,0,0,143,0,0,352,-1
271,2160,0,499,0,121,0,0,402,237,154,0,0,601,244,0,0,979,0,0,73,0,0,0,170,0,0,0,-1
272,2103,0,316,100,0,242,0,359,417,0,353,0,1244,236,775,0,0,0,0,0,0,882,0,132,0,0,161,-1
273,0,0,192,0,0,0,0,395,82,0,0,0,496,405,0,0,1070,0,76,0,0,693,0,141,87,0,1781,-1
274,0,0,140,0,0,114,0,398,0,164,0,0,788,297,874,0,0,0,96,70,0,0,0,145,0,0,1014,-1
275,2282,0,449,0,180,0,0,0,140,0,0,0,802,382,756,1066,784,0,0,0,0,625,0,177,0,0,308,-1
276,0,0,289,0,162,188,0,233,386,96,0,0,835,433,725,0,0,0,120,0,0,320,0,0,0,0,634,-1
277,0,0,305,0,76,393,1142,458,0,184,157,0,1212,392,959,0,0,0,102,0,0,597,0,118,0,0,225,-1
278,0,0,363,0,0,121,0,0,0,0,0,0,824,235,0,0,591,0,0,51,0,0,0,130,0,0,1339,-1
279,2929,701,275,0,167,43,0,314,0,0,69,0,643,396,0,0,803,2189,0,59,0,932,0,169,0,0,1072,-1
280,2644,0,322,0,153,14,0,279,171,57,60,0,663,170,454,0,0,0,0,52,0,0,124,0,0,0,0,-1
281,0,0,320,0,0,0,0,0,0,0,0,0,1069,287,0,0,0,0,164,0,0,0,0,0,0,0,771,-1
282,2915,703,233,117,0,340,0,396,444,0,146,0,934,244,1224,0,508,0,0,0,0,529,0,86,0,0,795,-1
283,0,504,360,127,0,0,0,399,0,130,0,0,1264,225,454,0,872,0,0,0,0,675,0,0,0,0,0,-1
284,642,0,286,155,0,75,0,447,210,141,0,0,734,212,0,0,0,0,137,0,0,664,0,0,0,0,0,-1
285,3723,0,215,171,0,0,0,315,462,0,0,0,720,383,0,0,1069,0,0,0,0,0,0,175,0,0,515,-1
286,3378,0,502,92,0,186,0,388,0,149,0,0,647,398,237,0,609,0,87,18,219,493,0,0,0,83,475,-1
287,0,0,240,0,188,81,0,0,0,111,0,0,1043,434,700,0,1019,0,0,75,0,184,0,74,0,0,471,-1
288,1220,0,283,0,194,140,850,296,0,165,0,432,1179,441,0,0,516,0,0,20,132,726,0,147,0,0,223,-1
289,0,0,500,82,0,286,0,260,203,133,364,0,863,182,896,0,976,2837,0,0,0,865,0,140,0,73,0,-1
290,0,0,373,0,136,194,2615,0,0,176,0,0,594,435,640,0,988,0,0,0,318,0,0,0,0,0,1361,-1
291,5250,0,193,0,0,174,563,327,0,0,193,0,1510,204,0,0,1139,0,0,0,0,0,0,144,0,0,701,-1
292,0,428,107,0,0,174,0,328,180,124,0,0,1100,397,0,0,0,2831,0,96,173,888,0,53,0,81,0,-1
293,0,0,322,0,212,210,469,238,346,177,304,0,646,335,411,0,0,0,0,0,0,0,0,116,0,0,0,-1
294,0,0,244,78,0,0,0,324,0,0,0,0,867,255,534,0,793,0,85,0,0,644,0,0,0,0,763,-1
295,0,0,222,0,134,375,0,0,0,71,0,0,857,292,0,0,0,0,0,0,297,0,142,166,0,91,702,-1
296,0,0,417,0,151,241,0,310,217,0,0,0,976,195,0,0,905,0,0,0,0,894,0,99,124,86,560,-1
297,0,0,252,164,134,269,0,408,461,0,209,0,1079,355,317,0,1246,0,0,0,249,467,0,0,0,0,1260,-1
298,0,797,229,148,133,174,0,271,0,0,0,0,934,333,522,1409,1202,0,125,36,0,466,0,0,0,0,562,-1
299,0,0,381,0,209,106,0,0,407,0,191,0,798,323,0,0,720,2408,100,20,268,659,0,0,0,0,903,-1
300,0,0,321,0,256,118,0,268,354,0,0,0,1097,368,783,0,697,3268,0,0,0,0,0,0,0,0,886,-1
301,0,0,281,86,173,0,0,439,0,0,0,0,1043,291,0,0,564,0,0,0,0,477,0,80,66,0,0,-1
302,0,0,325,0,0,63,0,435,451,0,0,271,919,271,0,0,0,0,0,29,218,0,0,156,0,0,719,-1
303,822,0,133,113,181,150,0,492,0,79,309,0,904,304,0,0,0,0,0,0,308,0,0,190,0,0,648,-1
304,2300,0,344,189,193,301,0,498,371,94,0,0,651,242,704,0,0,3058,0,37,83,0,184,0,0,0,0,-1
305,1244,777,469,0,0,209,0,428,0,0,153,0,649,325,685,0,0,2522,0,0,156,0,0,113,0,0,712,-1
306,3734,0,191,91,154,208,0,0,0,101,0,0,511,372,0,0,770,0,0,66,0,0,0,0,0,0,0,-1
307,0,0,259,0,66,79,0,277,0,91,0,0,484,345,705,0,750,0,0,54,0,729,0,164,0,0,0,-1
308,2519,0,607,66,106,142,0,345,180,0,0,0,1376,399,0,0,1127,0,0,53,0,675,0,107,0,0,1452,-1
309,2603,0,395,0,98,188,0,384,0,139,0,0,1113,462,0,0,1108,0,95,0,175,328,0,134,0,0,595,-1
310,2782,0,250,0,0,190,0,316,0,0,0,0,730,215,0,0,856,0,85,0,0,0,0,130,0,0,0,-1
311,1508,0,291,0,0,28,721,276,394,0,0,0,862,538,300,0,1162,0,0,0,194,0,0,78,0,0,0,-1
312,0,0,255,0,88,113,0,291,0,123,134,0,922,225,904,0,716,1807,0,0,0,0,0,168,0,0,715,-1
313,0,0,379,0,0,111,0,319,230,0,0,0,598,323,0,0,700,0,0,0,0,601,114,0,0,0,340,-1
314,0,0,354,0,238,152,0,0,467,123,237,0,1475,256,0,0,0,0,0,0,126,988,0,85,0,0,0,-1
315,0,0,532,39,0,96,0,285,438,119,0,0,1458,259,0,0,0,0,112,0,0,0,0,0,0,0,670,-1
316,0,0,408,0,0,378,868,340,0,87,0,0,1478,168,0,0,0,0,90,0,0,792,0,174,0,0,1185,-1
317,0,0,283,0,116,197,0,0,395,0,0,0,891,204,675,0,1042,0,110,0,0,808,0,142,93,0,0,-1
318,0,0,371,0,0,229,0,398,0,101,422,0,947,248,629,0,750,0,116,0,0,622,0,0,0,0,0,-1
319,0,0,358,0,141,339,0,222,0,0,21,0,1093,464,1061,0,0,0,0,58,0,0,0,0,0,0,508,-1
320,2228,0,187,0,0,150,0,262,541,166,205,0,1178,420,450,0,662,0,0,0,0,0,0,153,0,0,201,-1
321,1412,0,417,0,0,48,0,391,0,0,0,0,1218,171,449,0,0,0,0,0,0,490,0,0,0,0,624,-1
322,4659,0,477,0,51,0,0,0,0,0,174,0,684,484,845,0,937,0,123,108,232,0,0,161,0,44,443,-1
323,0,0,138,0,191,0,0,320,200,127,119,0,601,323,0,0,0,0,0,31,228,585,0,100,0,0,0,-1
324,0,0,506,0,0,434,0,359,0,0,0,0,757,116,0,0,0,0,0,0,0,531,0,136,119,0,131,-1
325,984,0,376,0,0,368,733,302,0,146,0,0,429,394,657,0,0,0,0,0,0,898,0,127,0,0,0,-1
326,3024,0,270,0,111,162,0,331,0,0,0,0,723,376,500,0,0,0,99,0,252,0,0,148,0,0,1075,-1
327,0,0,556,0,103,201,3118,475,0,0,0,0,1196,509,880,0,655,1791,0,0,0,0,0,117,0,0,0,-1
328,0,0,338,0,122,0,0,0,0,146,0,0,634,287,291,0,0,0,0,0,0,0,103,134,0,0,0,-1
329,0,0,334,0,0,148,0,360,0,0,201,0,1054,232,464,0,563,0,0,0,114,695,98,156,0,0,0,-1
330,0,0,289,0,81,191,0,391,0,0,123,0,425,367,0,0,0,0,148,0,182,0,0,159,0,0,0,-1
331,0,0,207,0,0,28,0,0,0,0,289,0,851,438,606,0,0,0,145,0,0,0,0,0,0,0,405,-1
332,1395,0,251,0,0,97,0,0,0,0,0,0,1035,348,229,0,0,0,0,58,0,369,175,167,0,0,713,-1
333,1812,0,268,0,190,497,0,249,459,0,0,0,707,537,0,0,0,4324,0,75,0,0,0,0,0,54,451,-1
334,0,0,297,0,0,35,0,311,220,99,0,0,1096,382,258,0,1018,0,0,76,0,1005,0,117,0,0,846,-1
335,535,1134,192,0,0,62,0,331,180,127,0,0,897,428,0,0,0,0,0,35,94,604,172,97,0,0,242,-1
336,0,0,328,0,175,139,0,0,277,168,0,0,1039,346,0,0,874,0,0,0,0,0,0,126,0,0,0,-1
337,3922,734,303,0,0,193,0,248,0,128,0,0,810,364,0,0,0,0,106,79,0,0,0,151,0,0,785,-1
338,0,0,183,201,89,0,0,367,483,134,0,0,938,479,0,0,1059,0,0,0,0,778,0,70,0,0,948,-1
339,0,0,333,0,186,121,0,268,0,0,0,0,921,371,403,0,990,0,86,0,0,0,0,96,0,0,0,-1
340,2338,0,439,0,198,165,0,0,0,0,0,0,587,249,0,0,0,0,0,0,0,536,0,0,0,0,0,-1
341,2490,0,211,131,0,41,1620,405,0,110,258,0,1279,407,0,0,515,0,0,86,0,196,0,0,0,0,712,-1
342,2507,0,308,0,219,61,0,346,0,0,0,0,1474,274,0,0,0,0,97,0,250,0,0,62,0,62,1268,-1
343,0,0,430,0,0,282,0,287,0,163,0,0,860,303,0,0,673,0,0,0,0,0,0,0,115,0,0,-1
344,0,0,230,0,0,61,432,277,0,0,0,0,1646,238,0,0,0,0,186,0,0,0,0,143,0,0,442,-1
345,2903,0,546,0,124,10,0,244,0,0,0,0,1003,251,477,0,0,0,109,76,0,894,0,102,0,0,1603,-1
346,2007,0,360,0,73,223,0,362,0,0,0,0,1097,366,550,0,0,0,0,0,277,0,0,198,0,0,0,-1
347,0,866,377,139,102,191,0,264,423,131,0,0,792,441,0,0,784,0,211,0,199,0,0,180,0,0,0,-1
348,3192,0,364,0,0,0,1983,355,357,98,0,0,852,298,655,0,693,0,0,0,210,0,0,0,0,0,332,-1
349,2593,824,249,0,0,262,0,406,0,0,0,0,381,507,724,0,721,0,0,0,0,518,0,131,0,0,348,-1
350,201,0,329,0,96,390,3432,0,0,130,0,0,458,521,0,0,0,0,0,0,132,725,149,0,0,0,385,-1
351,0,0,268,0,124,78,0,0,217,113,0,0,845,364,0,0,1117,3594,0,0,0,356,0,105,0,0,484,-1
352,0,0,220,0,105,65,0,0,0,111,0,0,960,258,469,0,0,0,0,0,111,0,0,105,0,0,588,-1
353,0,0,230,0,0,219,0,0,0,0,0,0,1312,336,0,0,639,0,0,0,0,587,0,92,0,0,598,-1
354,1248,0,529,98,188,188,0,330,0,161,0,0,940,192,689,0,0,0,0,49,0,302,0,0,0,0,0,-1
355,693,0,486,0,137,255,0,315,0,136,368,0,857,182,0,0,0,0,0,39,0,417,0,113,0,66,268,-1
356,0,0,327,0,0,78,0,397,182,157,0,0,982,306,0,1049,0,0,0,0,0,0,0,0,0,0,124,-1
357,5106,0,277,0,0,119,0,392,302,165,0,0,1548,246,658,0,532,0,0,0,164,429,0,0,0,0,579,-1
358,0,0,330,0,0,83,0,281,0,0,356,0,539,362,622,0,932,2476,117,0,273,0,0,0,0,0,395,-1
359,2611,0,298,0,106,268,0,291,0,0,339,0,1264,440,0,0,438,0,0,0,88,0,193,0,0,0,350,-1
360,0,0,273,196,0,341,0,359,0,0,427,0,992,328,475,0,841,3222,0,0,0,601,0,147,0,78,0,-1
361,3480,0,541,0,175,171,0,381,199,116,112,0,1223,400,504,0,917,0,88,0,0,0,0,0,0,0,1042,-1
362,3376,0,309,0,158,0,0,364,341,133,0,0,699,206,0,0,1085,904,0,0,155,0,168,84,0,0,0,-1
363,0,0,288,0,0,0,0,242,0,0,0,0,696,323,689,0,0,0,0,90,0,279,87,80,0,0,308,-1
364,1549,0,228,0,0,197,0,328,292,0,0,0,741,357,0,0,0,0,0,0,0,320,0,110,0,0,1317,-1
365,0,0,341,0,102,62,0,245,345,104,0,0,1098,327,457,0,0,2410,114,77,293,0,151,114,0,0,0,-1
366,0,0,272,0,132,150,0,382,0,0,197,0,1359,425,840,0,737,0,0,51,0,697,0,86,0,0,0,-1
367,1617,0,276,83,81,213,0,430,0,122,423,0,824,282,0,0,0,0,0,50,0,647,0,130,0,0,959,-1
368,2756,0,274,0,33,147,0,328,0,0,0,0,1027,247,353,0,0,0,128,77,0,384,0,0,0,0,658,-1
369,2183,0,247,169,0,115,0,305,0,69,0,0,1316,354,0,0,849,0,0,0,0,412,0,0,0,0,1000,-1
370,3954,0,345,184,110,0,0,0,0,0,59,0,851,413,516,0,1149,0,0,54,0,202,0,117,0,0,0,-1
371,0,0,239,0,108,123,0,0,0,96,0,0,1251,443,603,0,577,0,0,0,0,0,0,97,0,0,437,-1
372,0,0,363,105,128,294,0,239,257,124,0,0,1058,417,837,0,0,0,0,0,0,662,167,119,0,0,1000,-1
373,0,0,443,0,0,33,0,328,227,111,327,0,992,262,0,0,331,0,0,0,0,0,0,0,0,0,0,-1
374,3012,0,210,0,130,253,0,339,397,0,0,0,982,345,960,0,997,0,0,0,282,519,0,0,0,0,1456,-1
375,1928,0,318,0,98,262,0,216,0,0,0,0,668,291,944,0,858,0,0,0,185,627,0,0,0,0,2141,-1
376,0,0,107,62,157,334,0,294,0,0,291,0,1180,343,925,0,821,0,0,0,215,506,0,0,0,0,0,-1
377,0,0,430,69,0,0,0,276,339,120,0,0,899,362,576,0,0,0,0,0,248,0,0,0,0,0,0,-1
378,2800,0,455,0,0,126,0,399,377,171,0,0,1245,262,0,0,0,0,0,0,0,0,0,96,0,0,712,-1
379,4861,0,330,0,0,352,0,392,254,138,170,0,1605,379,535,0,0,2585,84,53,0,544,0,141,0,101,0,-1
380,0,0,273,0,105,260,0,234,0,147,0,0,839,360,840,0,982,0,85,0,0,423,0,96,0,0,944,-1
381,0,0,330,142,65,197,0,340,0,0,0,0,1145,258,0,0,621,0,0,0,113,763,188,0,0,0,1291,-1
382,5455,0,354,0,0,320,0,0,0,0,0,294,894,199,502,0,0,0,0,0,0,0,0,119,0,0,0,-1
383,0,0,306,0,0,422,0,337,298,0,0,0,1410,208,0,0,603,0,112,87,254,654,0,114,0,0,0,-1
384,1073,0,388,0,0,0,0,301,0,0,0,0,624,289,0,0,0,0,0,0,213,0,0,0,0,0,0,-1
385,3313,0,185,0,149,379,0,205,0,170,0,0,657,250,0,0,614,0,109,0,0,602,0,116,0,0,458,-1
386,2329,756,271,0,0,80,0,330,0,180,0,0,535,222,779,0,0,0,0,0,0,614,0,0,0,0,1499,-1
387,0,0,541,0,119,197,0,0,231,135,0,0,448,442,0,0,800,0,0,57,0,524,0,0,0,99,588,-1
388,3091,982,480,42,48,21,1429,321,0,46,349,0,703,234,486,0,0,0,0,0,0,0,0,0,0,50,1044,-1
389,1701,0,460,168,0,37,0,305,365,0,170,0,1371,427,686,0,0,0,0,69,282,673,0,140,113,0,0,-1
390,0,0,333,118,149,0,0,351,0,0,0,0,1197,198,741,0,0,0,0,0,181,0,0,0,0,0,1310,-1
391,0,0,350,0,0,98,0,0,0,106,0,194,989,293,0,0,0,0,0,63,246,605,169,0,0,0,111,-1
392,2639,0,319,0,27,32,0,0,0,128,0,0,558,371,492,0,959,0,0,0,0,0,0,0,0,0,267,-1
393,3862,0,394,99,27,279,0,352,432,0,341,0,635,393,0,0,1077,0,0,0,0,741,127,70,0,0,0,-1
394,0,0,198,230,0,274,0,340,458,0,0,0,860,166,448,0,764,0,78,68,0,455,158,129,0,0,0,-1
395,2400,0,257,149,89,188,0,414,257,167,0,0,717,355,0,0,755,0,0,49,127,0,218,189,0,0,1875,-1
396,0,0,271,0,52,255,0,307,262,129,238,0,956,336,0,0,0,1643,0,0,197,410,0,77,0,0,0,-1
397,3125,0,321,0,0,269,0,397,0,0,0,0,1244,393,0,0,0,0,0,0,0,0,0,91,0,51,281,-1
398,1586,0,152,0,0,343,0,327,409,0,0,0,1265,218,0,0,1246,0,0,0,0,0,0,111,0,0,1163,-1
399,1803,0,334,0,0,128,2147,350,444,148,322,0,1297,414,0,0,0,0,0,0,281,0,0,149,0,0,0,-1
400,163,0,298,0,0,0,0,0,443,0,0,0,621,350,741,0,0,0,0,0,0,587,141,86,0,0,0,-1
401,2693,0,306,109,0,140,0,359,0,0,0,0,941,371,347,0,0,1433,0,52,0,596,0,0,0,0,0,-1
402,0,0,324,212,0,243,0,324,475,169,0,0,1321,395,840,0,811,0,0,70,277,0,0,53,0,0,1751,-1
403,0,0,552,0,204,293,0,412,0,0,0,0,1292,116,0,0,0,0,0,0,0,570,0,0,0,0,0,-1
404,0,0,345,0,145,145,0,273,369,96,0,0,1161,309,0,0,0,0,0,0,162,0,0,108,0,0,1407,-1
405,0,0,380,0,24,114,0,258,0,0,0,0,1126,233,342,0,487,0,0,0,262,0,0,0,0,80,782,-1
406,0,0,249,149,185,443,0,0,240,152,0,0,1261,385,751,0,987,0,0,0,0,0,0,0,0,0,471,-1
407,0,0,463,0,160,345,0,284,0,112,320,0,1167,385,344,0,0,1818,0,0,0,0,0,101,0,0,206,-1
408,0,0,317,0,0,193,0,340,0,151,394,0,1150,254,0,0,0,0,0,128,0,0,0,0,0,0,920,-1
409,4718,0,418,0,93,0,0,382,0,0,0,0,604,437,828,0,0,0,0,55,0,588,0,101,0,0,0,-1
410,2322,0,298,0,88,210,0,290,251,0,0,0,496,362,288,0,828,0,0,0,0,424,149,143,0,0,265,-1
411,2659,0,382,31,173,179,0,442,458,214,0,0,1120,235,668,0,0,0,57,0,0,0,0,129,0,73,1140,-1
412,0,494,529,0,128,195,0,322,485,0,0,0,747,485,0,0,0,0,0,0,105,774,0,0,0,0,0,-1
413,918,0,456,0,133,0,0,334,0,0,0,0,305,224,0,0,0,0,124,0,216,630,164,0,0,0,0,-1
414,3976,0,198,145,0,0,0,397,504,65,0,0,1178,274,0,0,1003,0,0,0,169,593,0,71,0,0,610,-1
415,0,0,392,121,0,116,0,0,0,0,319,0,567,354,0,0,0,0,0,37,165,0,0,0,0,65,0,-1
416,0,0,269,138,0,193,0,0,0,136,0,0,779,331,0,0,0,3404,0,0,0,590,155,0,0,60,366,-1
417,0,0,475,136,0,0,0,446,403,109,402,0,814,254,0,0,1142,0,183,0,0,767,0,83,0,0,0,-1
418,2114,0,198,0,99,216,0,372,336,52,0,521,1237,238,419,0,567,0,0,0,160,648,0,217,84,0,295,-1
419,2780,0,410,135,142,111,0,0,0,163,0,0,790,296,0,0,857,0,132,0,256,0,0,0,0,0,0,-1
420,2073,0,202,0,133,264,0,501,0,128,78,0,930,362,0,0,830,0,180,0,0,708,0,0,0,0,799,-1
421,0,0,127,103,0,0,0,310,0,0,0,0,885,349,0,0,912,0,72,0,196,0,152,0,0,0,0,-1
422,3283,0,367,0,0,17,0,291,0,65,0,325,1107,550,0,0,1143,1918,0,104,0,743,0,0,0,0,1347,-1
423,0,0,125,213,121,0,0,331,0,112,0,0,437,233,412,0,0,0,0,94,223,0,0,0,0,0,1187,-1
424,1678,288,561,74,93,468,0,240,252,0,0,0,695,295,0,0,0,0,0,0,0,595,0,130,0,0,148,-1
425,561,0,255,0,135,185,0,448,0,0,0,0,581,346,0,0,0,0,0,0,0,0,162,74,0,0,660,-1
426,0,0,280,115,0,383,0,373,290,84,0,0,1112,385,725,0,0,0,0,0,0,335,0,0,0,0,634,-1
427,2447,0,351,158,196,79,0,354,141,60,0,0,848,284,778,0,1134,0,0,0,0,0,122,0,0,0,0,-1
428,3114,0,417,0,118,0,0,399,0,0,0,0,772,287,0,0,550,0,0,0,235,662,0,97,0,0,845,-1
429,1351,0,216,0,103,43,0,285,0,147,0,0,1036,106,773,0,1037,0,0,0,139,0,196,85,0,0,309,-1
430,3019,0,409,57,0,0,0,0,0,145,0,0,713,334,606,0,0,0,0,0,0,621,0,0,0,0,0,-1
431,0,0,191,96,137,40,0,0,162,108,0,0,696,160,0,0,803,0,0,69,0,317,0,108,0,0,423,-1
432,3404,0,254,0,0,75,0,0,380,83,0,0,175,351,0,0,0,0,87,68,0,0,0,117,0,0,1167,-1
433,0,0,449,0,131,192,0,0,0,0,0,0,835,319,0,0,712,1891,0,63,0,0,0,123,0,0,136,-1
434,3348,0,412,0,98,233,0,0,0,108,0,0,697,230,0,0,0,0,0,0,0,0,170,173,67,0,405,-1
435,0,0,275,0,126,357,0,372,0,0,0,0,814,296,606,0,0,0,0,65,264,0,0,0,0,0,0,-1
436,0,0,369,0,0,0,0,404,0,163,399,0,1137,380,504,1530,0,0,0,60,0,512,200,178,0,0,1081,-1
437,3339,0,287,0,0,155,0,173,351,0,65,548,1046,223,357,0,1131,0,0,55,218,0,0,0,69,0,0,-1
438,0,0,426,0,0,187,0,320,331,0,0,0,1154,361,1013,0,271,2513,103,70,0,0,144,0,0,0,1365,-1
439,0,0,209,0,0,184,0,300,0,155,0,0,602,166,0,0,0,0,173,0,0,859,0,0,0,0,746,-1
440,0,0,438,0,0,190,0,397,0,111,0,0,728,359,618,0,0,0,0,0,0,750,147,105,0,0,290,-1
441,0,0,256,191,0,201,0,226,0,156,0,0,185,356,492,0,0,0,0,0,322,437,0,0,0,0,146,-1
442,1190,0,359,0,167,178,828,266,0,123,295,0,621,312,0,0,899,0,101,0,0,0,99,0,0,0,391,-1
443,0,0,253,0,0,0,0,0,0,0,0,0,428,236,0,0,1022,2906,0,83,282,0,0,154,0,74,1011,-1
444,0,0,256,50,0,66,0,321,326,0,0,0,1279,200,0,0,0,0,105,23,0,861,0,0,0,0,0,-1
445,0,0,442,0,89,0,0,299,0,121,0,0,929,421,0,0,0,0,0,0,0,0,0,0,0,69,1667,-1
446,2497,0,354,25,0,0,0,0,253,113,0,0,819,399,398,0,0,0,0,0,0,0,0,168,0,0,0,-1
447,0,0,272,0,131,99,0,518,380,58,0,0,1096,333,784,0,0,0,0,0,0,0,156,145,0,0,0,-1
448,2532,0,414,0,119,114,0,0,0,98,0,0,1110,278,710,0,594,0,0,0,279,690,0,125,0,0,1067,-1
449,0,0,198,0,198,105,0,373,0,0,0,0,529,401,0,0,0,0,163,95,89,0,0,0,0,85,1134,-1
450,1714,0,359,196,66,48,0,343,0,137,0,0,896,343,0,0,0,0,0,0,154,0,0,130,0,0,0,-1
451,0,0,502,0,83,0,0,0,253,0,0,0,1191,480,0,0,912,2505,0,0,0,0,0,0,0,0,221,-1
452,0,977,277,0,93,207,2069,0,350,109,0,0,520,475,0,0,600,0,0,0,234,779,0,122,0,0,1218,-1
453,2356,0,269,0,0,332,0,381,0,166,283,0,1314,273,0,0,1134,0,0,0,0,0,0,120,0,0,610,-1
454,0,0,451,0,276,236,0,333,325,0,0,0,976,87,0,1388,348,0,0,0,0,622,0,0,0,0,788,-1
455,0,0,328,0,144,138,0,466,0,0,90,0,541,392,404,0,0,0,0,0,0,507,0,0,0,0,447,-1
456,3742,0,542,114,144,188,0,0,0,0,170,0,975,276,332,0,0,0,0,0,234,557,0,0,0,0,0,-1
457,0,0,327,0,132,308,1763,429,0,162,290,0,503,321,0,0,0,0,0,35,0,528,0,0,0,67,289,-1
458,0,0,478,0,185,250,0,205,0,0,0,0,1152,316,496,0,0,0,146,60,266,0,0,0,0,63,0,-1
459,0,0,375,0,123,70,0,288,0,0,0,0,1003,355,0,0,0,0,0,0,0,0,136,0,0,0,0,-1
460,2598,0,310,146,0,259,0,422,164,0,0,0,522,270,0,0,552,0,0,0,0,0,0,91,0,61,743,-1
461,3417,0,162,0,234,221,0,313,0,139,202,0,908,370,0,0,318,0,0,72,246,0,0,88,80,0,264,-1
462,1137,0,254,164,0,253,0,284,366,146,0,0,1097,260,0,0,0,0,189,0,232,0,0,141,0,57,517,-1
463,2723,0,269,158,138,10,0,0,193,106,0,0,999,364,590,0,929,0,0,0,217,0,0,87,0,0,438,-1
464,0,0,339,184,0,347,0,412,406,90,0,0,894,179,0,0,0,0,0,0,0,0,0,0,0,0,263,-1
465,620,0,259,158,0,0,0,379,0,0,165,0,685,307,382,0,0,0,0,0,0,0,0,0,0,0,399,-1
466,0,0,338,192,0,0,0,264,199,0,297,0,357,230,0,0,514,0,0,66,219,0,0,137,0,0,0,-1
467,0,0,293,0,44,177,0,0,0,0,275,315,980,294,468,0,0,0,100,0,0,453,0,0,0,0,961,-1
468,3872,0,232,0,0,0,0,328,0,0,0,0,952,214,1099,0,0,0,0,80,0,344,0,0,0,0,1398,-1
469,3276,0,119,0,125,222,0,426,0,94,0,0,507,190,0,0,0,0,0,48,0,0,0,80,0,0,307,-1
470,2039,0,524,0,177,320,0,327,0,112,0,0,311,133,551,0,369,0,0,0,130,724,0,67,0,0,0,-1
471,0,0,245,0,160,249,1948,340,386,129,0,0,1274,214,740,0,0,0,0,34,0,932,0,119,0,60,0,-1
472,2759,0,349,0,85,174,0,341,0,0,196,0,839,378,0,0,1005,0,0,113,230,576,0,0,0,0,0,-1
473,0,0,282,94,117,63,0,289,0,0,0,0,1047,369,0,0,936,0,150,0,0,0,0,142,0,91,1231,-1
474,2807,0,214,0,114,169,0,292,0,81,0,0,513,248,486,0,1028,0,0,95,338,518,0,0,0,0,0,-1
475,0,1012,423,0,0,362,0,0,364,152,0,0,764,335,0,0,0,0,0,104,0,0,0,0,0,0,655,-1
476,0,0,284,150,144,15,0,297,0,161,0,0,1207,346,0,0,724,0,0,0,212,471,0,0,0,0,1538,-1
477,2898,698,198,141,106,84,0,0,0,0,0,0,908,310,580,0,0,0,95,0,0,638,0,0,0,0,0,-1
478,0,0,414,0,201,68,0,387,266,114,0,630,638,332,0,0,911,0,0,0,0,893,0,0,0,0,543,-1
479,2871,0,165,0,0,75,0,336,0,0,0,0,1469,390,0,0,826,3040,0,0,288,595,0,82,0,0,267,-1
480,2230,0,414,0,127,231,0,321,171,0,0,0,1017,300,145,0,0,0,0,79,0,0,0,0,0,0,0,-1
481,0,0,564,0,0,399,0,372,0,0,0,0,328,281,835,0,0,0,0,71,220,0,93,160,0,0,1285,-1
482,0,0,468,0,0,0,0,0,0,0,0,0,1452,429,654,0,0,0,0,0,257,0,0,125,87,0,344,-1
483,0,0,244,0,210,88,0,220,312,137,0,0,612,503,708,0,673,0,0,66,0,301,0,109,0,0,256,-1
484,0,0,177,0,130,0,4720,356,454,0,0,0,1385,251,0,0,0,0,0,39,0,0,189,140,0,0,722,-1
485,0,0,233,0,116,10,0,289,373,0,0,0,1025,555,623,0,867,0,0,0,0,0,0,99,0,0,773,-1
486,0,0,280,0,154,153,0,0,236,0,0,0,674,285,542,0,857,0,0,72,0,227,0,73,0,0,953,-1
487,0,0,400,0,225,419,0,393,0,137,0,0,1291,493,0,0,842,0,105,47,168,496,0,0,0,0,0,-1
488,2329,0,551,91,135,124,0,0,0,0,0,0,1105,169,582,0,0,0,0,29,0,0,0,0,0,0,633,-1
489,0,0,346,0,0,151,0,470,320,0,0,0,1084,318,295,0,445,0,0,0,222,0,0,141,0,0,0,-1
490,2092,0,320,0,0,239,0,329,0,137,0,0,608,368,652,0,271,0,0,0,0,632,0,54,0,0,0,-1
491,4204,899,273,162,64,277,0,409,0,146,0,0,969,357,665,0,780,0,0,0,214,349,0,0,0,0,733,-1
492,1745,0,317,0,156,0,0,311,0,0,0,0,925,278,1126,0,0,0,0,0,152,0,0,154,0,0,0,-1
493,0,0,297,0,116,223,0,452,0,154,294,181,1539,442,557,0,0,0,0,0,0,0,0,101,0,0,0,-1
494,2450,0,182,0,152,161,0,0,201,146,0,0,1174,366,0,0,861,0,133,0,120,746,0,154,0,0,0,-1
495,2433,0,408,0,0,63,0,299,176,0,0,0,1143,421,592,0,740,0,0,80,0,837,0,117,0,0,932,-1
496,0,0,248,190,149,91,0,262,0,0,53,437,987,423,364,0,558,0,0,0,258,502,0,144,116,0,1194,-1
497,0,0,356,0,0,149,0,400,0,0,0,0,481,300,819,0,946,0,0,0,172,0,0,148,0,0,0,-1
498,1714,0,348,0,0,24,0,0,0,97,0,0,964,433,0,0,349,0,72,0,0,415,0,0,0,80,729,-1
499,0,0,262,139,225,0,0,379,0,131,90,222,848,271,1046,0,0,0,0,0,0,0,0,63,0,0,967,-1
500,1641,0,363,96,226,89,0,0,0,0,243,0,1244,152,1015,0,0,0,0,0,94,457,0,128,0,0,655,-1
501,2011,0,388,0,0,126,0,276,0,0,0,0,713,224,0,0,722,0,0,46,285,0,0,0,0,0,643,-1
502,0,0,233,56,0,73,0,322,0,0,0,0,1045,287,0,180,872,0,0,36,197,0,0,0,0,0,1952,-1
503,0,0,388,85,188,58,0,341,0,128,0,0,840,248,0,0,0,0,0,51,310,0,0,0,0,0,112,-1
504,2466,0,425,0,179,149,0,209,0,96,0,0,953,199,597,0,897,0,131,0,160,0,0,95,0,0,382,-1
505,0,0,357,113,30,0,0,495,0,0,0,0,921,400,406,0,698,2070,0,60,0,0,138,152,0,67,423,-1
506,1593,0,445,0,100,20,0,401,0,133,217,0,929,238,0,1041,0,0,82,0,0,366,0,0,0,0,935,-1
507,681,0,174,51,180,129,0,284,253,101,205,0,1139,284,520,0,0,0,109,83,0,0,0,0,0,0,278,-1
508,0,0,298,0,0,129,0,304,286,0,0,0,564,424,516,0,909,0,0,38,144,757,0,119,112,0,0,-1
509,0,0,134,0,169,69,0,342,0,155,0,0,694,185,0,0,0,0,64,0,0,464,0,68,0,55,0,-1
510,3630,0,301,163,199,218,0,354,0,151,0,0,784,370,0,0,686,0,0,0,0,0,153,154,0,0,400,-1
511,0,0,212,0,98,64,0,321,285,135,0,0,671,122,0,0,819,0,92,52,0,485,0,0,0,0,1524,-1
512,2483,0,515,160,115,89,0,502,416,0,0,0,511,272,0,0,0,0,0,0,159,494,0,0,0,0,284,-1
513,0,0,287,0,0,76,0,384,0,0,0,0,426,256,0,0,0,0,0,0,0,0,0,45,0,0,0,-1
514,2803,0,338,0,0,183,0,459,291,0,0,0,1309,483,542,0,993,0,125,0,309,0,0,0,0,0,1008,-1
515,2245,0,417,0,133,139,0,352,472,0,210,0,1451,298,750,0,943,0,0,0,224,0,129,0,0,0,975,-1
516,0,0,387,0,0,0,0,0,380,118,0,0,857,408,0,0,535,0,106,0,0,0,0,0,0,65,426,-1
517,2338,0,397,0,0,181,0,389,0,0,199,0,835,219,290,0,0,2763,52,39,254,0,0,0,0,0,212,-1
518,0,0,235,234,180,106,0,382,400,0,0,0,269,227,869,1680,0,0,0,0,0,374,154,0,0,0,784,-1
519,2255,0,232,0,145,32,0,0,0,0,0,0,998,328,0,0,0,0,0,0,191,458,0,122,0,0,0,-1
520,333,0,63,0,0,148,1132,412,272,116,0,0,549,217,0,0,904,0,0,0,0,0,0,121,0,0,1706,-1
521,2860,0,253,0,145,266,0,237,404,148,0,0,611,285,0,2067,949,0,136,0,253,364,0,134,0,0,509,-1
522,880,0,144,0,266,115,4280,315,331,88,143,0,1298,259,0,0,0,0,0,0,0,744,0,134,0,0,0,-1
523,0,0,225,0,108,199,0,0,487,117,390,0,1642,158,0,0,0,2186,0,0,160,529,0,162,0,0,0,-1
524,0,0,447,0,68,200,0,365,458,0,0,0,412,316,646,0,0,0,0,0,0,0,0,0,0,0,430,-1
525,3982,0,341,0,0,92,0,385,322,0,0,0,973,457,779,2840,0,0,0,118,0,0,0,87,0,73,0,-1
526,3309,0,360,159,267,55,0,0,0,0,0,0,811,258,0,0,0,0,0,0,0,624,0,0,0,0,1134,-1
527,4069,0,190,0,60,249,0,276,378,96,0,561,323,265,0,0,493,0,0,51,0,0,0,113,0,0,551,-1
528,0,0,324,0,123,200,0,406,0,145,0,0,1149,335,0,0,540,0,0,0,0,584,0,0,0,66,0,-1
529,0,0,577,87,0,53,0,307,0,68,0,0,887,111,0,0,946,0,0,0,0,0,0,0,0,0,1692,-1
530,3578,0,267,0,73,277,0,485,463,128,0,0,1257,418,0,0,1077,0,0,58,0,675,0,161,0,0,766,-1
531,1486,0,445,0,178,27,0,219,427,48,0,0,671,410,655,0,0,0,132,0,0,343,0,0,0,0,741,-1
532,4853,0,306,0,80,217,0,0,0,96,0,0,1099,255,331,0,0,0,157,0,0,456,0,119,0,0,243,-1
533,3816,0,350,0,100,13,0,0,0,89,0,0,1558,289,724,0,659,3503,0,0,0,0,0,65,0,0,1137,-1
534,0,0,501,0,114,0,0,0,248,85,0,0,1103,385,0,0,0,2237,156,0,0,0,0,0,0,0,1025,-1
535,0,0,310,0,260,70,0,276,464,0,132,0,955,399,0,2184,0,0,135,0,222,0,0,172,105,0,0,-1
536,1220,0,323,0,0,333,0,223,442,0,0,0,1247,219,279,0,0,0,125,0,0,769,0,77,0,0,940,-1
537,3836,0,360,0,0,153,0,369,381,0,0,0,991,219,0,0,0,0,0,0,292,0,0,142,0,0,1208,-1
538,2241,0,474,0,95,0,0,0,0,0,0,0,405,211,449,0,1062,0,117,0,204,521,0,0,0,0,0,-1
539,0,0,366,0,0,102,0,401,465,98,0,0,707,248,656,0,0,0,0,0,155,835,0,0,0,0,939,-1
540,0,0,217,0,0,133,0,406,278,191,0,0,1089,260,570,0,750,0,0,0,0,0,0,151,0,0,316,-1
541,2768,0,303,0,135,0,0,481,339,70,0,0,598,353,0,0,1077,0,0,0,274,0,0,0,0,51,452,-1
542,2258,0,212,0,0,137,0,273,0,99,0,0,810,336,330,0,501,0,119,0,0,0,0,148,0,0,930,-1
543,0,0,331,0,0,0,4068,405,198,167,0,0,1229,335,0,0,0,0,0,70,203,893,0,134,0,0,0,-1
544,0,0,289,0,149,146,0,223,0,0,452,0,715,157,1070,0,777,3577,0,62,0,0,0,0,0,0,514,-1
545,0,0,331,106,182,513,0,365,0,0,0,0,695,156,0,0,1047,0,0,0,0,0,0,0,0,0,877,-1
546,0,0,374,0,0,275,0,252,0,156,0,0,924,486,0,0,531,0,82,0,0,0,0,73,0,61,0,-1
547,4107,0,200,0,199,222,0,223,0,149,0,0,1206,149,0,0,550,0,140,0,167,467,0,187,0,0,0,-1
548,1238,0,332,0,100,0,0,0,316,135,280,0,654,263,440,0,869,0,0,0,315,0,0,135,0,0,264,-1
549,3819,1175,422,30,0,123,0,290,0,0,0,0,1127,263,810,0,805,0,0,25,0,314,0,0,0,48,634,-1
550,0,0,377,0,258,244,0,0,295,103,155,0,1187,323,0,0,992,0,203,0,0,880,0,0,0,103,454,-1
551,0,0,267,101,101,225,0,430,343,155,0,0,527,288,0,0,0,0,0,80,169,0,0,0,0,0,439,-1
552,0,0,417,0,182,0,0,245,514,0,0,0,854,365,745,0,1111,0,0,0,304,0,0,0,0,0,589,-1
553,0,0,321,0,115,156,0,345,0,122,0,0,1007,254,0,0,590,0,198,75,0,753,142,0,0,81,0,-1
554,719,959,402,210,66,127,0,0,292,0,0,0,933,458,855,0,0,0,0,0,153,467,0,125,0,0,0,-1
555,3379,0,383,0,0,190,0,323,0,0,0,0,1076,285,0,0,249,0,97,71,0,0,0,0,0,0,892,-1
556,0,0,301,0,199,136,0,0,384,0,0,0,931,305,0,0,794,0,0,0,197,266,0,101,0,0,1163,-1
557,2594,0,296,0,116,0,0,336,0,108,77,0,1392,402,518,0,720,0,121,0,218,584,0,113,0,0,1295,-1
558,0,0,456,112,144,113,0,309,327,0,0,0,638,288,1035,0,509,1745,123,29,0,0,0,137,97,0,0,-1
559,0,0,421,0,88,246,0,244,398,0,0,0,369,181,0,0,0,0,0,0,193,580,0,118,0,0,570,-1
560,2636,0,162,0,130,95,0,0,342,101,0,0,1338,355,482,0,0,0,0,0,0,0,0,104,0,0,863,-1
561,1488,0,333,0,19,114,1308,320,0,0,0,0,966,282,0,0,0,0,0,83,174,0,0,0,0,0,0,-1
562,1222,646,256,0,241,41,0,511,330,0,277,0,874,232,604,0,436,0,0,0,226,619,0,87,75,0,517,-1
563,0,0,176,0,243,64,0,0,117,0,0,0,1036,279,0,0,0,0,0,0,0,0,0,146,0,0,1545,-1
564,1832,0,551,0,0,270,0,425,715,128,170,0,1269,223,661,0,744,0,0,61,0,0,0,136,0,0,690,-1
565,1990,0,282,0,92,281,0,274,322,116,213,0,416,215,899,0,0,0,0,0,250,860,0,154,0,54,500,-1
566,2176,0,423,0,160,0,0,330,0,147,0,0,728,219,0,0,0,0,0,0,0,526,101,0,0,0,1256,-1
567,1675,0,288,0,142,140,0,0,0,0,0,0,1071,451,0,0,915,0,0,0,0,0,0,0,0,92,1446,-1
568,1926,0,342,0,159,278,0,236,0,0,0,0,1558,278,1031,0,786,0,0,53,0,669,0,76,0,0,789,-1
569,0,0,290,133,44,280,0,0,417,0,0,0,627,254,0,0,1107,0,0,0,241,0,208,0,0,0,0,-1
570,2331,0,342,0,0,91,0,390,0,0,0,0,938,277,557,0,0,0,0,0,284,645,0,0,0,0,0,-1
571,2345,0,447,0,0,65,0,0,190,0,184,0,436,263,0,0,0,0,0,0,214,0,0,58,0,0,1247,-1
572,0,0,255,0,0,246,0,0,0,180,424,0,621,388,388,0,496,0,0,65,0,0,0,0,0,0,214,-1
573,0,0,357,0,187,145,0,501,225,0,0,0,1007,382,308,0,0,0,0,0,0,0,0,0,0,0,0,-1
574,4070,0,382,0,77,0,0,0,203,0,0,0,977,518,0,0,0,0,109,0,133,0,0,0,0,0,475,-1
575,2515,0,198,0,0,102,0,0,0,149,314,0,436,133,709,0,723,0,0,0,0,0,0,0,0,0,0,-1
576,0,0,394,0,206,153,0,311,455,125,0,0,1159,389,515,0,334,0,158,25,0,0,0,172,0,0,784,-1
577,1855,0,371,0,71,136,0,379,284,107,0,0,1022,311,0,0,0,0,0,0,142,0,0,81,0,0,552,-1
578,0,0,298,20,0,191,0,482,283,116,0,0,650,332,500,0,0,0,0,0,0,0,0,0,0,0,1108,-1
579,2794,0,171,0,203,79,0,0,334,0,0,0,719,245,0,2063,896,0,0,0,0,500,0,124,0,0,556,-1
580,3347,0,157,139,0,285,0,390,382,127,0,0,667,302,0,0,1269,0,76,0,0,301,0,0,0,0,137,-1
581,1689,0,279,0,63,210,0,261,343,0,0,0,847,341,0,0,0,3358,0,0,220,0,0,148,0,0,0,-1
582,2390,0,159,0,92,141,1940,446,0,0,0,0,734,246,0,0,0,0,0,0,296,0,0,72,125,77,849,-1
583,0,0,203,95,115,359,2095,308,0,144,0,0,1149,321,0,0,0,0,0,0,0,586,0,135,0,0,641,-1
584,1909,0,276,0,92,51,0,0,0,118,0,0,1379,223,0,0,0,0,0,29,263,0,143,128,117,0,0,-1
585,0,0,291,0,0,289,0,393,329,0,229,0,625,300,0,0,0,0,0,0,128,355,0,165,0,0,0,-1
586,2224,0,435,0,163,134,0,372,184,0,0,0,607,166,0,0,0,0,0,0,248,0,0,0,0,0,901,-1
587,0,0,357,0,0,96,0,501,409,97,0,0,548,474,0,0,235,0,0,71,0,547,0,107,0,0,602,-1
588,885,0,231,0,0,0,0,301,0,0,0,0,920,231,638,0,820,0,0,0,0,0,0,96,0,0,0,-1
589,0,0,449,0,175,175,0,322,225,191,408,0,743,255,0,0,467,0,0,0,0,0,0,108,0,0,737,-1
590,1564,0,339,0,91,0,0,277,413,80,0,0,520,193,0,0,595,0,0,36,0,0,125,166,0,0,0,-1
591,2315,0,185,0,0,496,0,0,303,0,0,0,752,462,0,0,572,0,0,0,0,0,0,147,0,48,602,-1
592,2826,0,280,0,167,179,0,0,0,147,0,0,1004,374,0,0,0,0,58,67,205,738,0,114,0,0,1273,-1
593,0,0,338,0,132,74,0,421,0,0,0,0,1015,192,0,0,0,0,0,23,0,640,0,0,0,0,908,-1
594,1809,0,406,161,127,128,1054,253,0,0,0,0,676,381,1004,0,858,4045,0,70,0,0,0,0,0,0,525,-1
595,0,0,282,138,121,201,1268,316,257,85,0,0,616,424,809,0,951,0,0,0,0,893,0,154,0,101,1422,-1
596,0,0,157,0,0,131,0,0,198,0,227,0,789,432,0,0,0,0,0,36,0,703,0,138,0,79,1089,-1
597,1034,0,294,0,50,127,0,0,325,111,341,0,848,248,0,0,0,0,0,30,0,0,0,117,0,76,807,-1
598,0,0,259,33,127,111,0,298,344,0,0,0,1386,350,0,0,823,0,146,0,287,895,0,115,0,0,1217,-1
599,0,194,361,128,0,94,0,423,346,0,0,0,1231,287,0,0,1099,0,92,127,0,0,113,136,0,0,0,-1
600,0,0,423,0,128,0,0,0,0,0,0,0,866,537,0,0,0,0,0,0,229,563,0,0,0,0,0,-1
601,3421,0,623,0,0,167,0,0,400,0,189,0,1111,446,0,0,853,0,0,0,220,0,0,120,0,79,131,-1
602,0,0,351,0,247,270,0,248,423,0,0,0,805,311,0,0,0,0,106,0,0,634,0,52,0,0,1013,-1
603,1878,0,371,0,112,196,0,387,0,124,0,0,603,287,0,0,384,0,78,0,0,0,165,0,0,0,0,-1
604,3298,0,351,0,194,485,0,196,476,158,0,0,1365,409,723,0,569,0,0,27,0,544,0,0,0,0,743,-1
605,1998,0,176,0,128,252,0,0,338,86,0,0,1412,233,0,0,0,0,0,0,0,0,0,117,0,0,558,-1
606,0,0,260,0,0,187,0,275,0,119,0,0,933,373,0,0,890,0,136,74,0,0,0,0,0,0,206,-1
607,2950,0,238,0,135,168,0,0,344,0,0,0,825,299,0,0,0,0,0,0,119,0,0,103,0,0,0,-1
608,2001,0,306,0,0,389,0,328,0,133,0,0,947,210,0,0,0,2852,130,91,0,576,136,101,0,83,833,-1
609,0,0,475,0,196,118,0,359,203,97,0,0,1494,439,0,0,866,3509,0,0,260,398,0,0,0,0,1179,-1
610,0,0,296,0,141,86,0,389,441,0,0,0,1050,299,0,0,0,0,0,0,130,0,0,0,0,0,961,-1
611,0,0,361,103,0,88,0,203,0,176,0,0,1142,357,0,0,0,0,0,0,206,920,0,150,83,86,1006,-1
612,0,0,322,0,0,219,0,350,307,0,0,0,1346,358,0,0,818,0,0,54,0,813,0,0,0,0,992,-1
613,0,0,360,0,0,264,0,0,0,0,0,0,822,266,0,0,1121,0,0,0,319,0,0,154,0,0,1335,-1
614,0,0,236,133,143,41,0,372,0,159,208,0,1295,305,668,0,482,3447,0,0,166,625,0,104,0,0,0,-1
615,0,0,268,0,123,188,0,408,360,0,335,0,872,409,461,0,0,2204,75,0,136,0,0,85,0,0,391,-1
616,4254,0,342,0,0,124,0,216,123,118,0,0,1089,307,0,0,883,0,104,0,0,481,0,0,0,0,1064,-1
617,1181,0,332,0,0,47,0,271,248,154,0,0,1429,426,0,0,0,0,0,0,0,0,0,0,0,0,0,-1
618,2247,0,387,0,149,0,0,341,660,184,158,0,464,299,776,0,0,0,0,0,241,599,0,110,0,62,336,-1
619,0,0,215,0,176,309,0,0,0,129,0,0,728,355,378,0,0,0,0,0,0,0,0,66,0,0,148,-1
620,3343,0,442,0,248,149,0,345,0,129,0,0,1320,294,0,1841,1031,0,154,45,0,555,0,198,0,0,654,-1
621,0,0,217,0,136,57,0,258,0,95,0,0,943,206,0,0,1014,0,0,106,0,0,0,86,0,0,446,-1
622,1367,0,253,102,191,158,0,273,182,143,0,0,1104,344,888,0,0,0,0,67,0,473,0,0,0,0,1038,-1
623,0,0,478,0,116,336,0,292,0,63,0,0,1384,227,487,0,0,0,0,0,219,0,0,117,0,0,0,-1
624,3780,0,408,0,0,356,0,391,0,0,0,0,744,403,0,0,0,1530,0,0,0,0,0,137,0,0,769,-1
625,2149,0,320,0,0,70,0,0,412,0,0,0,737,184,536,0,1152,0,0,49,0,743,0,0,0,0,0,-1
626,0,0,285,0,0,94,0,344,409,0,0,0,755,318,0,0,0,0,0,0,0,486,0,0,0,82,819,-1
627,0,0,396,76,0,0,2627,459,172,101,0,0,730,309,0,0,613,0,0,0,0,0,127,87,0,0,928,-1
628,0,0,362,0,78,425,3232,201,474,0,177,0,1329,357,0,0,0,0,97,0,156,666,0,87,0,0,1353,-1
629,3056,0,199,165,93,154,0,215,0,0,0,140,753,167,426,0,357,0,0,0,129,0,0,0,0,61,1026,-1
630,0,0,297,0,0,469,0,0,98,0,425,0,611,445,933,0,0,0,108,0,273,410,0,93,0,81,0,-1
631,2592,0,286,74,0,73,0,257,303,0,0,0,918,206,492,0,0,0,0,69,0,0,0,131,0,0,548,-1
632,2869,0,472,133,0,0,0,483,0,83,0,0,1246,177,437,0,0,0,0,0,156,0,0,88,0,0,1054,-1
633,2039,0,153,0,76,0,0,282,538,0,0,0,1055,274,344,0,0,0,0,0,0,730,0,107,0,75,0,-1
634,4007,0,165,0,179,196,0,0,0,139,0,0,454,174,471,0,759,0,0,50,0,0,131,0,0,0,0,-1
635,1420,0,330,66,147,42,0,0,149,0,0,0,995,347,0,0,458,0,86,55,0,899,164,0,0,0,0,-1
636,0,0,105,0,128,321,0,282,0,0,0,212,734,316,0,0,1118,0,0,0,158,0,0,0,0,0,350,-1
637,0,783,365,0,193,49,0,314,384,0,0,0,603,294,791,0,0,0,0,0,0,345,0,84,0,0,0,-1
638,1983,0,361,0,171,40,0,0,381,0,0,0,872,506,0,417,0,2375,0,47,0,0,0,104,0,0,600,-1
639,2596,0,420,0,248,206,2725,340,140,0,237,126,1353,347,570,0,0,0,0,0,153,673,202,0,0,0,0,-1
640,2026,0,196,0,0,158,0,393,414,132,0,0,812,263,502,0,647,0,0,0,201,0,140,109,0,0,773,-1
641,2232,0,429,37,149,0,0,425,0,0,0,0,1353,272,241,0,989,0,0,79,0,594,0,144,0,61,650,-1
642,2036,0,364,0,238,112,0,391,347,0,0,0,1159,328,0,0,875,1186,0,0,0,0,0,0,0,0,0,-1
643,1356,0,205,18,0,0,0,227,276,0,0,0,906,498,857,0,0,2268,0,0,0,0,0,170,0,0,590,-1
644,0,0,243,0,110,177,0,0,247,122,234,0,825,321,0,0,981,0,0,0,0,0,0,0,0,0,657,-1
645,0,0,252,66,110,344,0,296,0,78,0,0,1141,446,0,0,655,0,0,39,0,745,0,117,0,47,0,-1
646,0,0,273,0,198,152,0,293,532,142,0,0,1398,389,0,0,570,2026,73,0,0,0,0,145,0,0,519,-1
647,0,0,338,140,0,119,0,358,0,165,0,0,697,548,619,0,0,0,0,0,0,844,0,173,0,71,708,-1
648,1842,0,223,0,223,142,0,0,0,176,135,0,505,410,0,0,0,0,0,0,0,583,145,0,0,0,0,-1
649,0,0,338,0,118,46,0,0,0,138,0,0,1433,345,0,0,0,0,0,0,206,586,0,106,0,0,428,-1
650,2803,0,448,0,0,98,0,318,227,0,0,0,679,297,0,0,0,0,0,0,0,0,0,185,0,0,1278,-1
651,0,0,487,0,176,192,0,396,0,145,0,0,916,140,661,0,0,0,0,52,0,0,131,0,0,0,649,-1
652,2752,0,359,73,111,259,0,361,0,0,88,0,1011,213,744,0,757,2186,0,0,0,0,0,105,0,0,445,-1
653,2660,0,238,0,199,229,0,414,255,143,0,160,1049,135,0,0,0,2882,147,57,0,696,0,100,0,0,1440,-1
654,1824,0,389,0,153,0,0,197,263,0,0,0,1162,195,372,0,0,0,0,0,0,0,0,124,0,0,761,-1
655,0,1167,280,189,0,192,0,0,252,0,0,0,1382,400,0,0,0,0,0,0,0,0,0,0,0,0,1329,-1
656,0,0,411,0,81,85,0,280,287,106,0,0,879,386,0,0,0,0,0,68,0,0,148,0,0,68,641,-1
657,0,0,354,0,193,195,0,412,315,0,226,0,1317,216,482,0,0,0,88,75,169,403,0,114,0,0,390,-1
658,0,0,242,36,49,87,0,398,0,0,0,0,582,301,0,0,800,0,0,0,0,0,0,125,0,0,1923,-1
659,0,0,405,0,195,127,0,422,351,64,0,0,841,261,386,0,868,0,0,0,81,0,0,146,0,0,0,-1
660,0,0,387,0,0,343,0,404,400,175,398,547,1240,290,705,0,475,0,0,0,0,531,0,178,0,0,774,-1
661,3760,0,345,125,0,33,0,368,366,139,0,0,1112,327,178,0,0,0,0,49,0,494,0,0,0,0,1041,-1
662,0,0,187,0,0,0,0,272,0,91,0,0,690,174,528,0,733,0,0,0,0,579,111,0,0,0,731,-1
663,1987,0,217,177,0,164,0,490,228,0,0,0,1138,236,1083,0,0,2089,0,0,195,344,0,0,0,0,0,-1
664,1321,0,256,0,0,187,0,312,438,0,286,0,787,398,0,0,0,3140,0,47,0,630,0,149,0,0,375,-1
665,802,0,394,0,0,122,2645,341,340,0,0,0,1085,241,790,0,682,0,0,0,0,0,0,103,0,0,0,-1
666,2160,0,408,0,0,105,0,421,0,0,0,0,1200,331,504,0,0,0,0,0,0,174,0,128,89,0,875,-1
667,1375,706,365,0,0,138,0,384,0,124,0,0,776,236,0,0,0,3092,0,37,0,0,0,0,0,75,613,-1
668,0,1068,320,0,179,84,0,330,0,0,0,0,831,473,0,0,0,0,79,0,0,0,0,0,0,0,0,-1
669,5317,0,487,0,251,199,0,238,407,0,0,0,607,124,417,0,0,0,0,77,55,746,0,0,0,0,1248,-1
670,0,0,174,0,0,175,0,403,0,0,175,0,1006,258,0,0,747,1861,0,0,303,876,0,53,0,0,259,-1
671,0,0,483,0,94,277,0,410,413,146,0,0,760,255,726,0,889,0,135,52,209,901,123,85,0,0,0,-1
672,2984,0,313,97,119,172,808,240,223,0,0,0,425,102,967,0,892,0,0,0,0,0,0,0,0,0,143,-1
673,0,0,646,0,163,163,0,374,0,60,0,0,1084,430,0,0,503,0,0,0,0,575,0,63,0,0,1002,-1
674,2837,0,320,157,124,297,0,0,239,0,0,0,881,386,457,285,912,0,0,88,347,825,0,0,0,0,0,-1
675,1755,0,241,0,135,272,0,335,497,120,296,0,934,302,410,0,0,0,0,0,0,381,184,129,0,0,654,-1
676,3549,0,394,0,166,0,0,300,0,0,180,0,242,340,415,0,1271,2243,0,0,136,0,184,119,0,0,319,-1
677,3043,0,323,197,78,311,0,368,427,95,29,0,668,135,218,0,0,0,87,46,0,0,0,0,0,0,989,-1
678,2950,0,335,153,189,350,0,0,176,0,0,0,629,293,942,0,571,0,0,66,228,503,169,110,0,0,435,-1
679,1646,0,438,0,115,172,0,264,0,0,0,0,551,396,700,0,244,0,137,0,0,0,82,0,0,0,0,-1
680,1786,0,485,0,244,178,0,0,0,112,0,0,1160,208,658,0,0,0,0,105,187,666,0,0,0,0,414,-1
681,0,0,359,0,105,174,0,267,345,105,0,0,1194,300,695,0,1079,0,0,0,0,250,0,91,0,0,1031,-1
682,0,0,255,0,197,141,0,0,248,0,0,0,381,325,0,0,0,0,94,66,243,892,112,0,0,0,373,-1
683,396,0,233,0,198,28,2303,0,316,0,308,0,975,391,231,0,0,0,0,0,0,547,158,0,0,0,1171,-1
684,0,0,392,0,197,203,0,266,0,0,0,0,745,369,0,0,0,0,168,0,0,330,0,130,0,0,1137,-1
685,0,0,495,0,172,110,0,0,0,61,104,0,1112,429,536,0,486,2706,0,0,0,0,0,155,0,0,165,-1
686,0,0,348,0,54,305,0,332,237,65,283,0,1086,307,865,0,1048,0,0,86,0,375,0,120,0,0,689,-1
687,0,482,277,0,0,278,0,339,167,125,0,0,893,383,0,0,706,0,0,54,238,811,0,0,0,0,1424,-1
688,3104,0,295,0,11,261,0,0,336,0,326,0,775,306,0,0,512,0,0,0,201,0,0,0,0,0,472,-1
689,4191,0,252,0,121,98,0,0,384,0,0,394,1050,495,0,0,709,0,0,0,172,599,0,103,0,0,0,-1
690,1150,0,364,0,201,392,0,257,379,107,360,0,986,187,0,0,344,0,94,0,144,0,0,109,0,0,798,-1
691,1753,0,401,0,97,321,0,344,0,0,0,0,1082,361,537,0,0,0,0,0,0,753,0,0,0,0,162,-1
692,0,638,312,0,173,182,0,334,516,61,0,0,851,281,0,0,849,0,0,39,150,0,0,0,0,0,882,-1
693,0,0,275,0,76,167,0,430,472,157,0,0,485,282,0,0,1088,3485,120,79,150,638,0,172,0,74,798,-1
694,3283,0,427,0,177,36,0,0,0,0,0,0,1201,463,527,0,761,0,0,52,0,473,0,140,0,0,1117,-1
695,0,700,232,89,79,72,0,0,0,134,0,0,565,232,0,0,706,0,0,55,184,0,0,86,0,0,0,-1
696,0,0,270,72,0,142,0,308,0,0,0,0,542,467,0,0,498,0,0,49,0,585,0,0,0,0,702,-1
697,3551,606,319,0,123,116,0,401,0,0,0,0,1095,326,312,0,966,0,0,67,0,737,0,138,0,48,731,-1
698,0,0,276,0,101,306,0,0,270,101,0,0,1027,274,462,0,957,2659,0,0,0,0,0,0,0,0,0,-1
699,0,0,418,117,97,347,0,366,168,124,303,0,839,246,673,0,682,0,0,31,276,0,0,114,103,0,860,-1
700,820,0,226,0,110,92,0,272,0,0,0,0,582,400,0,0,0,0,0,85,0,553,0,127,0,0,226,-1
701,0,0,231,0,0,0,0,0,0,0,0,0,964,245,0,1364,802,0,0,51,0,0,0,0,0,0,158,-1
702,0,0,327,0,18,197,0,0,0,0,0,0,1185,353,630,0,0,0,0,99,165,0,0,98,0,0,987,-1
703,1201,0,142,0,142,88,0,470,0,0,0,0,1488,284,672,0,0,0,126,38,0,0,0,0,0,0,598,-1
704,2492,0,298,0,0,97,0,0,526,154,0,0,985,215,514,0,0,0,91,0,0,0,0,132,0,57,1125,-1
705,1304,0,200,0,133,361,0,262,0,96,0,156,595,443,769,0,952,0,0,55,0,1007,0,99,0,58,0,-1
706,0,0,319,0,0,134,0,335,403,0,0,0,1037,293,0,1605,0,2325,129,0,0,0,0,185,0,0,0,-1
707,0,0,320,0,151,111,0,252,0,132,0,0,520,221,522,0,0,0,0,0,0,0,0,154,0,0,202,-1
708,0,0,485,0,126,167,1787,0,0,167,0,0,1000,334,605,0,283,0,0,0,113,761,0,162,0,0,0,-1
709,2608,0,375,0,140,289,0,399,0,135,0,0,828,241,922,0,937,0,140,0,212,0,0,158,0,0,558,-1
710,0,0,227,0,0,136,591,296,0,103,207,0,841,425,594,0,926,0,97,44,0,0,0,0,0,0,1651,-1
711,936,0,378,0,206,423,0,412,0,135,0,0,1105,292,0,0,0,0,110,0,0,572,0,0,0,0,412,-1
712,0,410,200,0,0,177,0,246,181,0,0,0,569,241,629,0,1040,0,0,0,0,430,0,113,0,0,0,-1
713,3252,0,359,0,0,195,0,264,319,72,0,0,1055,502,386,0,0,2523,0,0,221,609,0,0,0,0,0,-1
714,0,0,193,0,194,149,0,373,264,81,89,0,1035,258,0,0,801,0,0,0,0,0,0,0,0,0,154,-1
715,4221,0,210,221,68,49,0,0,0,113,0,0,1792,442,693,0,0,0,113,60,0,0,0,0,0,0,0,-1
716,1414,0,577,117,90,78,0,294,212,89,121,0,937,222,911,0,0,0,133,60,0,0,0,149,0,59,0,-1
717,2148,541,255,0,0,182,0,0,0,0,0,0,877,380,0,0,0,0,0,0,154,0,0,0,0,0,604,-1
718,0,0,278,0,0,59,0,284,0,54,0,0,745,115,0,0,0,0,0,0,0,550,0,97,0,83,1064,-1
719,750,0,407,0,98,268,0,259,0,0,0,0,1339,392,0,0,1007,0,0,0,0,0,0,0,0,0,0,-1
720,4288,0,234,36,0,314,0,0,381,0,0,0,472,190,0,0,0,0,0,45,0,0,184,148,0,0,422,-1
721,0,0,308,0,0,165,0,291,408,100,0,0,1238,150,0,0,0,0,133,0,0,346,178,0,0,0,117,-1
722,0,0,388,77,156,227,2080,0,0,0,0,0,1096,329,0,0,0,0,0,90,0,0,0,0,0,0,353,-1
723,1796,0,441,38,72,45,0,338,0,0,0,0,1171,271,395,0,0,0,0,0,0,0,0,180,0,0,217,-1
724,2822,0,373,0,174,297,0,338,226,0,0,0,774,411,535,0,0,0,0,0,130,0,0,138,0,0,0,-1
725,969,0,323,135,37,44,0,0,419,121,0,484,836,102,784,1492,0,0,120,0,0,848,0,0,0,0,1150,-1
726,0,0,377,67,155,83,0,0,482,0,0,0,923,414,0,0,0,0,0,0,208,669,0,112,0,0,184,-1
727,0,949,243,0,190,0,0,0,584,142,0,0,768,284,0,0,0,0,0,0,0,426,0,0,130,0,362,-1
728,0,0,314,0,133,48,0,344,0,0,0,0,948,259,0,0,446,2660,0,48,0,0,0,161,0,0,1171,-1
729,1612,0,292,258,0,90,0,309,0,0,0,0,826,299,0,0,0,0,0,0,194,0,0,71,0,0,267,-1
730,0,0,380,81,78,0,0,0,0,153,0,0,749,260,0,0,0,0,139,19,0,0,0,0,0,0,898,-1
731,0,0,403,0,122,146,0,241,380,0,0,0,1232,301,1043,0,0,0,0,0,0,718,0,85,0,0,952,-1
732,0,0,363,0,61,149,0,0,0,126,0,0,616,415,1031,0,1198,0,0,0,0,0,0,0,0,54,466,-1
733,2544,1468,419,0,208,218,0,0,313,94,0,0,758,195,0,0,0,0,0,0,0,0,0,149,0,0,0,-1
734,0,0,198,0,0,197,0,273,215,0,0,0,703,447,0,0,518,0,0,0,276,527,0,0,89,0,138,-1
735,0,0,245,0,127,271,0,0,0,101,0,482,1034,472,0,0,0,1716,0,65,0,532,0,0,0,82,0,-1
736,2839,0,516,83,198,168,0,267,0,145,0,0,677,242,437,0,0,0,0,0,222,0,0,0,0,0,763,-1
737,3277,0,288,54,88,235,0,293,458,96,0,0,1499,140,679,0,0,0,0,0,0,0,0,0,0,0,0,-1
738,3297,0,407,0,177,104,0,476,0,0,234,0,737,239,0,0,768,0,154,0,0,0,0,119,0,0,1136,-1
739,2057,0,270,0,0,302,0,0,209,0,95,470,1033,452,0,0,0,4396,0,0,262,623,0,0,0,0,472,-1
740,0,0,362,121,98,0,0,252,0,0,0,0,1017,415,0,0,0,0,0,0,0,0,197,0,0,0,0,-1
741,0,0,370,0,65,219,0,335,311,132,146,0,1122,300,583,0,1014,0,0,66,0,801,0,96,0,0,610,-1
742,0,0,345,0,286,268,0,277,467,119,0,0,804,337,464,691,597,0,0,71,254,0,82,0,0,0,383,-1
743,0,1097,335,0,153,273,0,0,0,128,236,0,707,131,775,1622,1296,0,0,0,209,710,0,120,0,0,407,-1
744,0,0,427,0,110,0,0,386,151,132,0,0,1021,259,516,0,0,0,0,62,0,0,0,156,0,0,1169,-1
745,0,0,156,0,0,167,0,341,0,99,0,0,1081,348,962,0,986,0,46,0,0,0,0,174,0,0,639,-1
746,0,0,359,0,61,166,0,314,289,0,0,0,839,484,512,0,0,0,0,0,0,0,0,87,0,0,0,-1
747,0,0,345,0,0,80,0,411,312,129,311,0,661,376,485,0,713,0,0,0,226,0,0,73,0,0,981,-1
748,0,790,301,0,141,0,0,312,0,73,270,0,1060,391,702,0,0,0,0,60,0,636,0,0,0,0,0,-1
749,0,0,329,0,71,236,0,355,0,0,0,0,1440,196,714,0,327,0,0,58,0,900,0,125,0,0,808,-1
750,0,0,244,0,106,262,0,445,255,74,0,0,384,354,868,0,0,0,0,0,0,304,0,125,0,0,512,-1
751,2157,0,546,0,191,229,0,287,0,0,0,0,1101,335,676,0,774,0,114,0,209,0,143,100,0,57,667,-1
752,0,0,381,0,0,58,0,0,313,0,0,0,1292,340,1039,0,815,0,0,42,64,0,160,126,0,0,887,-1
753,4421,0,450,0,197,283,0,336,0,0,0,0,988,517,0,0,295,1633,0,0,0,0,0,109,0,0,745,-1
754,0,0,361,0,0,0,0,279,0,115,0,0,984,439,629,2251,821,0,0,46,0,0,0,0,0,76,690,-1
755,1521,0,357,87,0,96,0,340,280,137,0,0,930,576,0,0,0,1586,0,0,0,0,126,188,0,0,993,-1
756,4936,0,359,0,76,170,0,222,0,94,0,0,952,223,617,0,0,0,0,0,0,465,0,0,0,0,459,-1
757,0,0,331,78,96,69,0,249,0,201,0,0,914,128,418,0,0,0,0,0,0,0,0,0,0,0,1819,-1
758,1976,0,359,143,0,166,0,488,266,114,0,0,549,382,0,0,1261,0,0,0,0,518,0,0,0,0,763,-1
759,3891,0,351,0,119,208,0,0,398,0,0,0,1005,271,445,0,570,0,0,0,0,0,0,0,62,48,706,-1
760,3636,0,283,0,0,257,446,186,0,0,281,0,905,338,0,0,694,0,181,88,0,815,0,117,0,0,1110,-1
761,0,0,160,0,141,62,0,384,0,0,0,0,944,252,0,0,953,0,94,64,0,672,0,0,0,0,736,-1
762,990,0,396,0,111,451,0,370,0,0,0,0,1303,302,376,0,0,0,0,56,0,0,0,0,0,0,0,-1
763,0,0,254,194,119,290,0,356,0,127,377,216,762,305,572,0,952,0,0,62,0,0,189,77,0,0,1056,-1
764,3981,0,357,0,129,186,0,0,358,92,0,0,730,237,820,0,836,0,0,87,0,0,0,0,0,54,986,-1
765,0,0,485,0,87,285,0,445,0,100,0,0,1041,506,0,2906,0,0,0,0,0,956,122,200,0,0,1381,-1
766,937,0,251,139,0,0,0,442,421,0,0,0,801,291,578,0,0,0,124,45,0,600,0,135,0,70,1076,-1
767,0,0,315,0,0,0,0,0,352,140,0,0,1271,280,0,0,0,2398,146,0,0,862,0,0,0,0,1396,-1
768,0,0,317,115,0,0,0,0,0,120,0,518,836,140,682,0,0,2773,67,0,0,405,0,0,0,69,0,-1
769,0,0,395,0,106,202,423,253,0,0,0,0,817,348,507,0,0,0,150,0,0,0,0,0,0,0,403,-1
770,3740,0,234,0,0,351,0,353,318,0,0,0,1175,305,0,0,0,0,119,0,0,326,0,0,0,65,0,-1
771,0,0,419,174,164,157,0,325,301,122,94,0,1381,301,0,0,0,0,0,0,0,0,0,0,0,74,577,-1
772,0,595,137,0,0,211,747,289,282,0,0,0,609,197,551,0,0,2674,0,0,0,0,0,0,0,0,231,-1
773,3106,0,271,82,0,0,0,388,0,0,0,786,1290,163,430,0,753,0,0,0,0,766,0,146,0,0,0,-1
774,0,0,581,175,168,173,0,308,0,0,0,0,984,240,806,0,1225,0,0,41,0,486,0,132,0,0,485,-1
775,2657,0,379,0,0,194,0,307,0,0,229,0,848,288,0,0,743,0,125,43,240,301,0,0,0,0,563,-1
776,1231,1485,261,0,67,0,0,262,0,0,0,0,1017,395,0,0,0,0,0,0,74,713,0,0,0,0,0,-1
777,1508,0,399,0,0,0,0,0,164,86,137,0,1054,337,0,0,774,0,0,32,0,568,0,0,0,0,1048,-1
778,0,0,421,167,0,253,0,323,558,0,0,171,904,235,669,0,0,0,0,0,0,0,0,0,0,0,0,-1
779,0,0,404,193,129,118,0,349,0,0,0,0,1048,253,0,0,0,1092,0,88,0,0,0,84,0,0,947,-1
780,0,0,203,0,132,23,0,494,0,180,0,0,862,156,0,0,1121,0,0,54,0,459,0,0,0,0,831,-1
781,743,0,603,0,98,246,0,452,0,81,0,0,1070,432,0,0,998,2601,86,0,0,547,0,0,0,59,633,-1
782,0,0,419,0,0,40,0,348,0,0,0,0,917,184,0,0,738,2599,0,49,0,646,0,162,0,84,332,-1
783,2220,0,302,289,0,139,257,302,255,0,0,0,958,402,663,0,889,0,170,0,0,575,0,166,0,0,1562,-1
784,0,0,239,137,0,208,0,224,0,0,0,0,576,192,888,0,635,0,104,31,0,0,0,157,0,0,494,-1
785,0,0,343,0,0,141,0,0,370,0,0,308,922,246,0,0,905,0,0,0,0,0,0,54,0,0,763,-1
786,0,0,397,0,0,262,0,394,412,0,92,0,635,153,874,0,841,0,149,0,0,525,0,0,0,0,944,-1
787,0,0,294,0,0,13,0,412,0,152,0,0,609,325,0,0,1026,0,0,55,0,640,0,0,0,0,369,-1
788,2055,0,414,0,0,181,0,304,392,141,0,0,1133,218,0,0,0,0,64,0,93,404,115,72,0,0,0,-1
789,0,0,527,0,0,111,0,0,0,0,187,0,898,203,0,0,0,0,0,91,140,679,127,141,0,0,799,-1
790,0,0,415,0,0,244,0,254,0,130,0,0,441,224,0,0,0,0,0,0,252,661,0,163,0,77,568,-1
791,2259,0,525,88,140,0,1003,434,315,139,0,0,1325,399,522,0,0,0,0,47,191,0,0,0,0,61,0,-1
792,3767,605,301,162,134,347,3081,365,0,131,354,0,1258,329,755,0,977,0,101,0,0,477,0,104,0,0,836,-1
793,0,1495,300,0,82,240,0,406,0,189,0,0,693,404,920,0,678,0,61,0,0,0,0,91,0,0,1598,-1
794,0,0,363,0,0,203,0,0,0,0,0,0,991,394,0,0,0,0,0,0,0,0,0,104,0,0,517,-1
795,0,0,220,74,0,305,0,316,0,0,0,0,723,390,557,0,966,0,0,0,0,857,0,0,0,0,350,-1
796,643,0,342,57,0,92,0,0,0,0,0,153,1006,452,595,1979,0,0,96,0,0,564,0,0,0,68,0,-1
797,0,0,366,0,78,196,0,387,269,0,119,0,788,412,0,0,0,0,121,49,0,0,0,0,81,0,0,-1
798,1427,0,321,102,0,294,0,389,374,0,277,0,1049,133,0,0,1081,0,0,0,257,792,0,79,0,0,839,-1
799,1808,1225,345,0,88,195,0,395,0,141,113,78,957,283,609,0,0,1677,0,0,0,0,0,63,0,0,944,-1
800,1841,0,279,197,120,72,0,365,0,0,0,0,466,291,311,0,854,0,0,0,0,519,0,75,0,52,200,-1
801,753,0,200,0,64,101,0,0,0,130,0,0,957,421,738,0,758,0,0,0,132,0,0,0,0,64,1289,-1
802,2934,0,281,0,0,0,0,356,0,0,0,0,859,517,287,0,0,0,0,0,261,924,0,123,0,62,0,-1
803,0,0,405,0,141,64,0,437,0,0,121,0,1118,493,0,0,0,0,0,0,0,530,0,94,0,0,1717,-1
804,0,0,299,32,0,226,0,387,217,0,0,0,698,218,387,0,0,0,0,0,0,264,0,0,0,0,818,-1
805,2999,0,286,108,53,223,0,254,0,78,0,0,618,285,0,0,1002,2424,0,48,0,0,0,97,0,0,0,-1
806,0,0,347,0,198,107,96,299,0,110,0,0,1061,251,242,0,672,0,106,0,0,822,0,0,0,0,1159,-1
807,0,0,269,0,0,222,0,401,445,0,0,0,849,215,0,0,0,0,0,52,0,938,0,0,0,0,707,-1
808,1595,0,408,0,77,52,0,0,263,0,0,0,935,398,569,0,930,3928,89,81,0,441,0,0,0,0,1532,-1
809,0,0,597,0,165,25,0,318,487,124,0,0,1514,343,0,0,977,0,136,0,0,1130,0,98,0,0,389,-1
810,899,0,253,0,0,75,0,0,451,0,0,0,896,258,837,0,0,1678,0,0,0,0,0,160,0,0,260,-1
811,3321,0,383,0,69,506,0,409,0,188,0,0,1051,253,0,0,1458,0,0,0,107,869,0,0,0,0,769,-1
812,1802,0,332,0,188,197,0,304,403,0,0,0,1121,221,499,0,501,0,105,78,240,0,0,128,0,0,0,-1
813,0,0,397,0,0,66,0,295,409,0,0,0,956,313,0,0,707,0,0,0,0,0,0,0,0,0,0,-1
814,2810,0,171,0,124,256,0,441,400,116,0,0,990,427,452,0,0,0,0,59,130,537,0,115,0,65,0,-1
815,618,875,594,0,0,132,0,375,155,81,0,0,541,324,0,0,0,0,0,0,0,508,162,181,0,0,0,-1
816,2371,0,272,0,0,171,0,306,239,0,0,0,925,287,0,0,816,0,89,74,127,531,0,0,0,0,0,-1
817,0,0,383,0,87,139,0,388,0,0,229,0,269,293,249,0,0,0,0,0,0,570,0,0,0,67,0,-1
818,0,0,327,48,119,0,1390,383,0,149,0,0,915,182,696,0,896,0,0,0,356,806,0,102,0,0,469,-1
819,3966,0,191,125,108,139,0,277,574,81,0,0,702,364,0,0,0,0,0,85,0,0,0,0,0,0,921,-1
820,0,0,568,72,189,14,0,0,0,0,0,0,968,153,0,0,805,0,0,0,0,0,0,167,0,0,1506,-1
821,0,0,274,0,0,184,2106,0,230,108,277,232,759,276,0,141,0,2715,0,58,0,0,0,156,0,0,716,-1
822,1808,0,434,0,0,198,1738,330,0,0,0,0,842,335,437,0,851,0,102,0,0,0,0,100,0,0,368,-1
823,3166,881,367,0,91,257,0,0,0,0,0,0,1464,451,0,0,0,0,74,0,135,0,0,104,0,0,1034,-1
824,0,0,357,204,169,324,0,0,0,0,0,0,959,449,0,0,780,0,0,0,0,657,0,92,0,0,1182,-1
825,3305,0,406,0,195,239,0,249,0,153,0,0,730,406,523,0,939,3332,0,72,0,0,0,170,0,73,0,-1
826,0,0,300,98,131,92,0,279,0,132,0,0,972,164,276,0,0,0,162,79,0,398,0,139,0,0,320,-1
827,3996,0,391,0,94,248,0,431,322,0,0,0,1426,203,0,0,587,0,0,0,0,0,0,138,0,0,157,-1
828,3275,0,360,0,155,313,0,356,351,107,0,0,1093,366,852,0,0,0,0,0,103,0,0,125,0,0,588,-1
829,1320,0,319,0,0,192,0,314,323,0,72,0,972,385,579,0,853,0,82,0,0,0,0,0,0,0,0,-1
830,0,1337,251,0,0,39,0,309,0,118,0,0,364,260,0,0,1053,0,0,0,165,0,0,0,0,75,332,-1
831,889,0,505,0,138,389,0,231,0,0,0,0,315,427,622,0,0,0,0,0,0,541,0,0,0,0,696,-1
832,3119,0,417,0,0,158,0,423,365,0,0,0,673,344,415,0,1022,0,200,0,0,0,137,166,0,0,838,-1
833,0,0,282,0,137,378,0,411,314,0,0,0,391,186,0,0,0,2624,0,75,323,0,0,84,0,0,957,-1
834,0,0,338,0,201,84,0,485,0,0,265,0,1051,311,0,0,0,0,100,81,285,494,101,0,0,0,676,-1
835,0,0,379,0,92,0,0,284,0,0,0,0,1206,418,368,0,1118,0,0,0,213,416,0,103,0,67,860,-1
836,0,0,460,0,115,196,0,321,370,148,113,0,830,314,913,0,0,0,0,77,156,0,0,0,0,0,466,-1
837,3898,0,610,0,0,176,0,0,237,0,0,0,786,325,602,0,0,0,0,0,0,0,0,201,0,55,0,-1
838,3819,0,350,205,0,85,0,188,0,0,0,434,279,384,0,0,825,0,0,0,0,0,0,0,0,59,505,-1
839,3090,0,505,87,0,176,0,344,404,0,226,0,1276,468,0,0,0,0,0,0,0,547,98,0,0,0,1263,-1
840,0,0,336,238,192,0,0,316,0,149,0,0,765,209,333,0,742,1734,0,87,0,680,0,0,0,0,768,-1
841,823,0,233,0,118,56,0,366,254,0,364,0,1025,416,0,0,971,0,0,0,228,0,0,196,0,0,487,-1
842,0,0,266,107,191,75,0,278,0,0,253,0,735,392,0,0,671,0,0,81,267,0,0,167,0,70,0,-1
843,0,0,212,0,0,266,0,334,0,0,0,0,1214,328,0,0,944,0,122,67,318,0,0,147,0,0,889,-1
844,0,0,326,0,170,499,0,374,0,143,468,0,956,206,566,0,0,0,0,63,331,569,0,0,0,65,0,-1
845,0,0,452,116,0,134,0,452,696,157,0,0,1191,373,594,0,1286,0,0,90,0,588,0,0,0,0,722,-1
846,3177,0,464,0,59,233,0,307,320,176,0,0,1132,290,0,0,0,0,0,0,262,0,0,0,0,77,775,-1
847,2795,0,372,0,193,393,0,322,295,0,283,0,1051,255,599,0,1364,0,0,119,0,0,137,0,0,0,461,-1
848,0,344,344,0,103,160,0,0,0,102,0,0,948,458,305,0,915,0,0,0,135,709,0,135,0,88,1931,-1
849,0,908,360,0,0,308,0,0,342,0,0,0,670,223,0,0,0,0,0,0,0,0,0,115,0,0,0,-1
850,0,0,418,0,237,289,0,280,311,0,0,0,511,412,0,0,0,0,0,0,144,238,0,124,0,0,610,-1
851,0,0,391,0,100,252,0,294,490,162,0,0,502,128,0,0,802,0,104,76,240,0,136,0,0,0,475,-1
852,2208,1057,414,0,0,0,1792,426,0,130,0,0,411,277,1009,0,601,0,0,29,0,0,0,0,0,0,220,-1
853,0,0,292,0,0,254,0,337,0,0,227,0,534,285,0,0,0,0,0,0,0,656,162,134,0,0,0,-1
854,0,1026,173,0,0,70,0,323,302,124,0,0,1264,429,875,0,697,1653,142,0,0,760,0,136,0,0,0,-1
855,1329,0,354,73,158,141,0,420,0,0,0,0,630,377,1247,0,634,2599,111,69,0,864,0,144,0,0,916,-1
856,0,0,315,0,108,141,0,419,364,160,437,0,881,231,948,0,0,0,0,61,164,527,0,0,0,0,0,-1
857,2133,0,240,0,83,115,0,0,0,0,0,0,712,319,0,0,0,1941,0,42,0,0,145,139,0,0,406,-1
858,0,1216,260,0,142,267,0,318,476,93,0,0,1281,362,523,0,0,2998,0,67,243,607,0,89,0,0,0,-1
859,3588,0,297,16,159,42,0,266,343,130,0,0,787,360,0,0,0,0,0,47,0,0,0,154,0,0,748,-1
860,1846,0,455,0,0,183,0,378,0,0,63,0,1053,260,680,0,959,0,0,0,0,0,0,104,0,0,440,-1
861,0,0,506,0,111,173,0,380,0,0,0,0,1307,349,605,0,0,0,0,0,0,0,0,86,0,71,334,-1
862,2672,0,273,233,0,251,0,335,357,0,0,0,285,305,0,0,0,0,0,0,0,524,0,137,0,0,0,-1
863,0,0,367,0,0,115,0,0,341,0,0,0,464,258,691,0,0,1998,0,82,0,0,0,0,0,0,179,-1
864,2438,0,297,260,137,156,0,0,292,104,0,0,354,209,0,0,0,0,0,78,156,0,0,146,0,0,375,-1
865,0,0,290,0,0,15,3051,0,362,0,0,0,1506,223,0,0,352,0,0,0,250,0,0,137,0,0,988,-1
866,3322,0,287,0,0,248,0,0,408,0,0,0,962,218,0,0,0,0,0,46,0,531,0,0,0,0,760,-1
867,0,0,118,0,132,448,0,417,0,0,0,573,848,368,0,0,492,0,0,0,250,0,0,129,0,0,938,-1
868,0,0,498,0,128,12,0,375,0,156,0,0,959,204,598,0,0,0,0,76,194,0,167,150,0,0,0,-1
869,0,0,281,151,0,90,0,351,376,122,0,0,1203,232,0,0,0,0,112,0,0,499,0,0,0,0,637,-1
870,0,0,409,0,0,130,0,409,0,0,0,0,1207,374,318,0,938,0,94,0,279,565,0,0,0,0,0,-1
871,0,0,364,0,142,301,0,371,365,0,0,0,1272,367,630,0,0,0,129,0,141,0,0,115,0,0,1466,-1
872,0,0,243,0,0,0,0,410,193,0,0,0,1302,287,0,0,0,0,0,55,0,561,0,65,0,0,0,-1
873,946,0,191,65,100,105,0,411,0,111,0,0,628,209,0,0,0,0,121,0,126,577,0,82,0,0,0,-1
874,3161,0,398,0,0,28,0,341,0,125,0,0,953,263,730,0,1185,0,99,70,0,0,0,194,0,0,479,-1
875,2561,0,288,0,0,116,0,292,0,0,0,0,1131,246,478,0,0,0,112,0,0,0,0,117,0,0,0,-1
876,0,0,352,0,72,224,0,347,0,0,0,0,473,253,0,0,584,0,0,0,137,510,0,123,0,63,0,-1
877,0,0,383,0,185,154,0,302,0,72,278,0,527,344,663,0,0,0,0,0,0,0,0,92,0,0,0,-1
878,0,0,250,0,45,88,0,346,327,0,361,0,1159,351,0,0,0,0,0,80,289,0,0,193,0,0,718,-1
879,0,0,267,0,146,401,0,242,406,114,0,0,876,410,0,0,976,0,137,0,0,0,0,0,0,0,0,-1
880,2381,0,300,0,103,28,0,0,280,141,0,0,978,295,0,1089,0,4174,0,0,260,0,0,134,0,0,739,-1
881,0,0,321,158,119,233,0,0,0,171,148,0,481,357,290,0,0,0,0,65,0,0,0,110,0,0,0,-1
882,0,0,199,0,186,207,0,374,0,0,0,0,897,410,815,0,0,0,0,0,0,831,0,0,0,0,0,-1
883,5122,0,321,0,60,91,0,210,668,0,0,0,736,349,0,0,0,0,0,0,148,0,0,114,0,58,492,-1
884,0,0,243,78,96,380,0,258,0,0,0,0,632,524,1029,0,0,0,0,0,293,373,92,0,99,0,903,-1
885,0,0,183,0,132,244,0,241,0,156,0,0,579,284,761,0,976,0,144,0,0,665,162,167,0,0,734,-1
886,2137,0,373,0,0,303,0,0,0,0,0,0,628,382,743,0,632,0,0,0,0,0,0,0,49,0,1498,-1
887,1900,0,360,0,57,207,0,0,210,0,398,0,590,352,0,0,0,0,0,56,0,810,137,0,0,72,676,-1
888,844,0,337,0,0,134,0,171,0,60,0,0,1381,388,593,0,0,0,0,62,0,796,0,0,0,0,0,-1
889,0,0,383,27,0,129,0,0,0,0,0,0,1144,455,0,0,613,0,0,45,105,0,0,119,0,0,0,-1
890,2133,0,274,0,0,184,1218,0,290,75,0,0,629,359,390,0,573,1119,0,0,0,648,0,0,0,0,0,-1
891,0,0,333,163,107,0,0,326,0,0,0,0,1593,351,0,0,0,0,0,0,0,0,183,141,0,0,1205,-1
892,3402,0,262,0,157,175,0,215,262,0,0,0,600,285,0,0,317,0,0,0,0,621,0,148,0,99,0,-1
893,0,0,480,0,142,22,0,295,376,149,203,0,436,299,0,0,791,0,0,0,235,414,0,136,0,0,882,-1
894,0,0,322,0,0,254,0,394,0,109,0,0,959,267,0,0,0,0,0,0,0,0,0,76,0,0,487,-1
895,0,0,231,147,0,49,0,490,0,0,0,0,936,387,0,0,0,0,0,0,295,874,0,153,58,87,1159,-1
896,0,0,279,0,0,0,0,308,381,115,0,0,1201,270,0,0,0,0,0,0,0,556,0,0,0,0,711,-1
897,0,0,274,0,0,182,0,220,0,0,0,0,586,446,619,1626,774,0,0,0,145,661,0,0,0,0,383,-1
898,0,0,320,0,176,123,0,301,0,80,0,0,794,457,313,0,733,0,0,0,193,549,0,0,0,0,843,-1
899,1462,0,346,53,168,383,0,0,439,0,181,0,709,266,0,0,877,0,0,0,0,0,0,124,0,0,0,-1
900,0,0,407,0,212,40,0,429,200,0,0,0,1003,167,237,0,0,0,136,0,0,582,0,115,0,0,1048,-1
901,0,0,230,0,46,301,0,336,0,75,0,0,1171,263,339,0,838,0,0,0,0,0,0,148,0,73,629,-1
902,0,0,336,0,0,35,2531,434,379,132,0,0,807,294,561,0,1040,2088,149,62,0,0,0,87,0,0,732,-1
903,2079,1251,294,0,65,86,0,274,0,160,0,0,698,345,0,0,721,0,0,73,207,0,0,0,0,0,851,-1
904,0,0,266,0,0,0,0,0,172,92,0,0,1297,420,361,0,616,0,0,66,211,0,0,0,0,0,487,-1
905,4207,0,344,0,113,0,0,0,0,92,0,0,994,356,0,0,748,0,0,85,0,0,0,0,0,76,0,-1
906,1740,0,396,89,133,279,0,462,0,0,155,0,1345,356,0,0,0,0,0,0,0,0,0,173,0,63,1046,-1
907,1213,0,494,0,136,82,0,330,532,133,0,0,1003,147,463,0,0,0,116,59,205,0,0,42,0,0,1269,-1
908,4682,727,174,0,0,194,0,453,0,191,251,0,484,262,0,0,997,0,0,0,0,0,115,0,0,0,0,-1
909,0,0,297,135,119,96,0,412,226,0,0,0,890,291,0,0,637,0,0,66,0,680,0,0,70,0,996,-1
910,2743,526,250,0,0,172,0,375,0,0,0,0,1097,388,433,0,0,1512,0,27,223,0,0,0,0,0,0,-1
911,362,0,148,0,0,112,0,376,0,0,0,0,607,335,520,0,939,0,0,0,173,723,0,0,0,0,1050,-1
912,0,0,221,0,0,359,0,243,311,0,0,0,1113,464,0,0,975,0,0,0,0,710,0,0,0,0,0,-1
913,800,0,398,0,0,144,0,484,427,104,0,0,833,308,0,0,1295,2911,0,0,0,555,0,110,0,0,550,-1
914,1680,0,291,78,117,255,0,310,482,162,276,0,575,282,267,0,834,2245,133,0,186,0,129,145,0,84,712,-1
915,0,0,207,0,91,0,0,389,339,0,0,0,1225,336,429,0,0,0,0,0,0,760,0,0,0,0,459,-1
916,0,0,443,160,160,109,0,308,193,0,0,0,1010,215,0,0,885,0,115,0,0,648,0,0,0,74,0,-1
917,3130,0,355,0,0,186,0,199,0,146,0,0,1035,279,0,0,0,0,0,0,112,495,0,0,0,0,0,-1
918,0,0,417,0,109,85,0,409,266,149,0,0,1138,283,618,0,911,2054,0,0,0,0,0,102,0,0,335,-1
919,3436,0,379,0,0,189,0,348,400,0,0,0,1498,341,0,0,579,0,0,0,0,0,0,0,0,100,1027,-1
920,0,0,168,0,117,215,0,0,310,109,212,0,1156,262,661,0,693,0,0,67,0,0,0,0,0,0,1065,-1
921,0,0,462,0,187,281,0,0,442,0,0,0,996,339,397,0,0,0,0,0,150,488,146,71,0,0,1316,-1
922,1214,0,314,0,121,84,2593,500,343,0,71,0,1381,446,657,0,0,0,0,67,0,978,0,138,0,84,709,-1
923,0,0,474,0,0,51,0,286,322,0,0,0,334,304,0,0,0,0,0,28,0,898,0,105,0,0,0,-1
924,2704,0,224,0,0,174,1174,491,0,0,205,0,1288,197,0,0,0,0,0,27,0,0,145,187,0,0,0,-1
925,1620,658,249,152,209,118,0,323,0,120,26,0,1211,275,781,0,0,0,0,0,0,306,0,110,0,0,246,-1
926,2945,0,354,0,102,193,0,0,0,118,0,0,1056,389,0,0,497,0,0,58,0,0,0,74,120,0,614,-1
927,0,0,249,0,0,265,0,399,0,0,0,0,796,384,0,0,0,0,0,62,0,0,0,72,0,0,793,-1
928,0,0,321,0,183,231,0,334,426,132,0,0,718,316,614,0,0,0,140,0,158,410,0,106,0,0,155,-1
929,1324,0,444,138,0,154,1801,414,186,177,0,0,496,387,496,0,0,0,0,0,0,0,0,149,0,59,1308,-1
930,0,0,376,0,0,371,0,0,295,163,0,0,748,343,314,0,798,0,0,0,0,0,0,0,0,0,0,-1
931,2588,0,325,0,116,139,0,417,0,0,0,0,778,525,855,0,0,0,0,0,213,0,0,125,0,0,543,-1
932,2304,0,270,151,0,182,0,356,202,0,0,0,1460,326,0,983,0,0,118,84,0,366,0,112,0,0,0,-1
933,0,0,246,151,0,368,0,0,0,0,0,0,1304,292,885,0,1044,0,0,0,0,674,0,159,0,46,678,-1
934,3187,0,240,0,0,0,0,290,190,0,0,0,1396,225,888,0,0,0,140,0,0,833,0,0,0,0,1234,-1
935,0,0,321,0,0,94,0,279,0,0,0,0,1490,298,0,0,0,2065,77,0,235,0,0,0,0,0,961,-1
936,1907,0,285,0,0,0,0,223,0,106,249,0,951,283,0,0,0,0,0,0,0,755,0,0,0,0,1640,-1
937,0,0,286,0,0,213,0,412,290,138,0,0,1136,284,0,0,701,0,0,61,0,727,0,102,0,0,1792,-1
938,0,0,418,129,177,264,1059,0,0,0,0,0,915,211,0,0,0,0,122,0,0,678,99,118,0,0,0,-1
939,810,0,380,0,0,224,0,441,0,0,0,0,506,400,0,0,1238,0,0,0,243,487,0,127,0,59,1047,-1
940,0,0,411,151,91,0,0,274,0,126,0,0,1056,209,0,0,518,0,0,0,0,0,0,139,0,0,437,-1
941,1843,0,235,177,0,261,0,354,0,111,0,0,631,466,0,0,0,3938,0,86,0,762,0,67,0,0,926,-1
942,2222,0,432,0,102,40,0,306,0,0,292,0,610,382,0,0,0,0,0,0,0,0,107,0,0,0,773,-1
943,2504,0,232,182,0,243,0,452,326,0,0,0,1027,384,380,0,1138,3436,0,0,0,490,151,137,0,0,0,-1
944,2365,0,148,95,222,174,0,396,0,0,0,0,790,496,0,0,0,2966,69,66,0,582,0,0,0,0,0,-1
945,2950,0,469,0,217,241,0,236,0,130,322,0,519,226,0,0,651,0,113,44,0,0,0,127,0,0,205,-1
946,0,0,223,0,0,167,0,0,0,108,0,0,896,271,479,0,751,0,0,0,186,0,0,0,72,60,301,-1
947,0,0,299,0,97,304,0,313,0,0,0,0,655,382,0,0,0,0,0,0,0,528,0,157,0,0,0,-1
948,1255,0,436,133,70,242,0,0,397,93,0,0,860,479,0,0,0,0,144,0,263,346,0,112,0,0,1421,-1
949,0,0,294,0,128,134,0,316,0,125,0,0,1105,211,0,0,723,0,0,0,0,0,0,131,0,0,1100,-1
950,2275,0,433,0,0,507,0,0,261,104,0,0,1110,419,576,0,0,2270,0,0,0,518,144,0,0,0,282,-1
951,0,0,341,70,97,64,0,457,0,0,0,0,736,347,855,0,680,3261,96,0,118,0,0,120,0,0,106,-1
952,307,527,345,0,42,348,0,0,0,133,0,0,713,311,1027,0,772,0,0,0,234,0,0,0,0,0,928,-1
953,1913,0,319,0,157,14,0,385,0,0,287,0,1138,304,708,0,708,0,0,65,0,475,0,147,0,69,1000,-1
954,0,994,273,0,162,55,0,0,0,135,114,0,614,376,0,0,0,0,0,0,0,804,155,76,0,0,1557,-1
955,0,0,270,0,136,127,0,333,0,0,177,0,1102,325,1071,0,616,0,0,0,258,347,0,89,0,72,1172,-1
956,910,0,297,238,0,153,0,0,0,0,0,0,1002,278,586,0,0,0,0,0,0,0,0,136,0,0,404,-1
957,0,0,171,0,92,199,0,331,320,124,208,0,1217,259,432,0,552,0,0,64,214,518,139,127,0,0,0,-1
958,1749,577,183,26,47,0,0,296,0,0,0,0,1389,306,867,0,787,0,0,0,0,716,0,89,0,0,559,-1
959,0,0,250,176,241,36,0,189,319,89,0,0,669,265,516,0,0,0,0,0,0,0,0,82,0,0,0,-1
960,2559,0,421,170,238,131,0,0,0,0,0,0,1071,251,0,0,0,0,0,0,0,752,0,0,0,0,779,-1
961,0,0,449,0,106,106,0,298,0,0,0,0,906,350,1008,0,0,0,0,0,0,352,0,104,0,0,0,-1
962,2640,0,277,0,0,187,0,418,0,0,0,0,949,242,0,0,0,0,0,0,0,678,0,151,0,0,735,-1
963,4376,0,386,0,141,361,0,288,394,0,0,0,581,289,1148,0,0,0,0,35,0,0,200,94,0,40,1720,-1
964,1721,0,272,0,224,199,0,426,151,0,0,0,593,213,810,0,855,0,0,61,174,436,106,90,0,0,421,-1
965,3346,0,459,0,73,0,0,387,0,0,0,0,1128,312,599,0,523,0,0,98,0,0,0,85,0,0,575,-1
966,2051,0,385,52,86,91,0,247,550,0,0,0,421,354,510,0,708,0,0,0,166,840,0,124,0,0,545,-1
967,0,0,418,0,0,105,0,0,0,0,0,0,1153,447,780,0,384,0,99,81,0,777,0,108,0,0,0,-1
968,0,0,389,0,0,201,0,0,437,0,0,0,692,113,835,0,662,0,44,0,222,0,0,101,0,0,2119,-1
969,3931,0,293,121,0,378,0,0,173,135,0,0,806,416,0,0,0,0,0,28,0,0,142,106,0,0,432,-1
970,0,347,336,0,143,515,0,303,382,0,0,0,1040,365,0,0,0,0,0,57,0,0,0,69,0,0,678,-1
971,0,0,386,0,0,127,0,274,0,0,0,0,557,199,0,2623,805,0,130,0,0,0,0,0,0,0,0,-1
972,1551,0,357,139,187,0,0,0,305,134,182,0,998,479,0,0,0,0,0,70,133,322,0,0,0,0,763,-1
973,0,0,270,31,0,158,0,245,480,0,0,0,404,233,0,0,1123,1931,0,0,0,0,104,90,0,0,805,-1
974,770,1158,239,110,13,353,0,290,0,118,0,0,862,402,651,0,0,0,0,0,0,0,0,87,0,0,849,-1
975,130,0,195,0,0,36,0,303,217,86,0,0,979,537,826,0,578,0,0,73,0,0,0,148,0,0,0,-1
976,1382,0,236,0,92,55,0,331,334,0,0,0,1227,424,0,0,0,0,0,0,0,385,0,128,0,0,0,-1
977,2729,0,418,87,0,144,0,410,401,120,0,457,1291,367,0,0,0,0,139,0,270,0,126,146,0,39,324,-1
978,0,0,308,115,0,24,0,0,0,0,0,0,739,499,644,0,1207,0,0,67,0,0,0,0,0,73,1426,-1
979,681,0,311,0,0,143,0,405,0,0,0,150,1268,354,442,0,0,0,116,97,230,0,0,109,0,61,199,-1
980,0,0,379,0,0,390,0,313,0,118,0,0,495,395,492,0,0,0,0,0,0,0,0,151,0,0,523,-1
981,4986,0,388,0,176,10,0,481,0,132,0,0,740,317,671,0,0,0,106,68,0,0,0,106,109,0,940,-1
982,0,0,380,94,59,290,0,275,0,0,0,0,413,198,0,0,877,0,0,0,0,695,0,0,0,0,528,-1
983,5022,726,264,0,0,59,0,265,0,0,0,0,1123,307,541,0,0,0,122,57,0,227,0,0,0,0,651,-1
984,0,0,311,142,0,77,0,375,370,0,127,0,485,312,0,0,0,0,140,92,0,529,0,0,0,0,0,-1
985,0,0,303,0,0,375,0,304,297,90,0,0,809,193,0,0,0,3889,0,0,272,925,102,99,0,0,0,-1
986,0,0,304,0,0,126,0,0,357,0,0,0,891,239,0,0,0,0,0,0,146,568,0,0,0,0,0,-1
987,0,988,320,0,157,134,3342,378,0,143,326,0,1261,277,0,0,1304,2162,0,0,0,0,0,123,0,87,0,-1
988,0,1096,368,0,81,159,0,234,255,76,0,0,439,307,664,674,864,0,0,0,0,0,0,0,0,0,0,-1
989,0,0,215,176,181,219,0,0,0,66,229,522,958,292,0,0,0,0,135,84,290,0,0,111,0,0,557,-1
990,0,0,439,0,0,21,0,0,0,143,0,0,1366,528,0,1650,0,0,0,0,0,0,0,0,0,0,678,-1
991,0,0,384,0,152,197,0,0,0,0,0,0,190,343,0,0,0,4169,0,0,0,893,179,182,0,0,623,-1
992,0,0,387,215,0,241,0,0,366,188,0,0,1406,425,866,0,0,0,0,0,0,0,0,0,0,61,533,-1
993,1970,0,241,0,182,140,0,218,411,144,0,0,977,382,842,0,1140,0,155,0,0,0,0,118,0,0,1235,-1
994,0,0,266,113,215,0,472,0,0,98,0,0,728,266,0,0,956,0,140,61,225,378,0,158,0,0,549,-1
995,0,0,234,0,0,0,0,312,0,0,0,0,922,445,0,0,1032,0,117,0,145,0,0,186,0,0,0,-1
996,3115,0,349,0,41,22,0,424,262,0,0,0,1535,420,811,0,0,0,0,0,157,487,0,86,0,0,641,-1
997,0,0,234,0,0,185,0,325,297,0,0,0,525,266,0,0,953,3096,0,0,0,761,0,107,0,0,0,-1
998,2266,0,447,0,0,239,0,0,0,0,0,0,977,377,0,0,705,1882,0,0,0,714,0,0,0,0,0,-1
999,3359,0,212,0,107,172,0,444,338,0,0,0,754,163,877,0,0,0,0,128,201,0,0,0,0,82,0,-1
1000,0,0,289,134,112,56,0,397,0,0,0,0,751,575,743,0,718,0,136,0,0,506,0,123,0,0,409,-1
